date,pred,proba,label
20141211,1,0.6186162403194636,0
20141212,0,0.47684089286074743,0
20141215,1,0.5883469759760771,0
20141216,1,0.655644522566341,0
20141217,1,0.5674624867586306,0
20141218,0,0.49952528226697895,0
20141219,0,0.42377530889487375,0
20141222,0,0.30453233864316914,0
20141224,0,0.41701522598508894,0
20141225,0,0.3548783673537915,0
20141226,0,0.4374411764705882,0
20141229,0,0.42001616379310347,0
20141230,1,0.5207653991135137,0
20150105,0,0.44666794621975137,0
20150106,1,0.5127584466211891,0
20150107,0,0.43028131779476864,0
20150108,0,0.3647562227330603,0
20150109,0,0.3820147548090896,0
20150113,0,0.3650144995363958,0
20150114,0,0.282077341608726,0
20150115,0,0.30687176554632184,0
20150116,0,0.35254803403906915,0
20150119,0,0.2345939275294224,0
20150120,0,0.30035509784969805,0
20150121,0,0.3208313540029831,0
20150122,0,0.38921615142330857,0
20150123,0,0.40441997888116726,0
20150126,0,0.3372377533197761,0
20150127,0,0.3783053084960604,0
20150128,0,0.3398582607832205,0
20150129,0,0.34073987789402566,0
20150130,0,0.38053684233741447,0
20150202,1,0.501072963800905,0
20150203,1,0.5383429858149803,0
20150204,0,0.42434616381141455,0
20150205,1,0.5388576686278708,0
20150206,0,0.42285729240648295,0
20150209,0,0.3453732761597934,0
20150210,0,0.35550223990804947,0
20150212,1,0.5266555892028727,0
20150213,0,0.33475083056478405,0
20150216,0,0.2542256107338537,0
20150217,0,0.32812886413232634,0
20150218,0,0.4307568420236466,0
20150219,0,0.275798669637428,0
20150220,0,0.37115280962383856,0
20150223,0,0.2607616717303408,0
20150224,0,0.40940219980314135,0
20150225,0,0.45328687982034893,0
20150226,0,0.3836615119105642,0
20150227,0,0.3265624638727378,0
20150302,0,0.27902315576580283,0
20150303,0,0.34579412662287373,0
20150304,0,0.4721114727702684,0
20150305,0,0.3778813216377397,0
20150306,0,0.44217257672169735,0
20150309,0,0.3912355770249454,0
20150310,1,0.5614765350510251,0
20150311,0,0.42603578578376633,0
20150312,1,0.531229438690505,0
20150313,0,0.36935672239192174,0
20150316,0,0.46326172441081676,0
20150317,1,0.5139232046100838,0
20150318,0,0.4131333495102472,0
20150319,0,0.44899753218792876,0
20150320,0,0.17804160880232986,0
20150323,0,0.23285105580693816,0
20150324,0,0.39879088335080654,0
20150325,0,0.3997811447811448,0
20150326,0,0.3831443107719623,0
20150327,1,0.5465406261561229,0
20150330,0,0.36378182163553674,0
20150331,0,0.4446124221861927,0
20150401,1,0.5022123834711392,0
20150402,0,0.22964392654943938,0
20150403,0,0.26883694636092836,0
20150406,0,0.3538976045776787,0
20150407,1,0.5760636558043803,0
20150408,0,0.4341357130645548,0
20150409,0,0.46118258815057933,0
20150410,0,0.30784173590148717,0
20150413,0,0.3634586516021837,0
20150414,0,0.31654214529561303,0
20150415,0,0.40306185553330864,0
20150416,0,0.47195364107123744,0
20150417,0,0.351315093296093,0
20150420,0,0.4036423251665831,0
20150421,1,0.5008046508014865,0
20150422,0,0.39478568036850153,0
20150423,0,0.3341082278380075,0
20150424,0,0.26,0
20150427,0,0.2950910461615068,0
20150428,0,0.40829353212743014,0
20150430,1,0.5108683735619219,0
20150501,0,0.4090508338380182,0
20150507,0,0.4495046280277421,0
20150508,0,0.26035753218890756,0
20150511,0,0.37833564254614016,0
20150512,0,0.3201092053611843,0
20150513,0,0.33600480584174763,0
20150514,0,0.23957344909805298,0
20150515,0,0.36698207190089144,0
20150518,0,0.39712740305678806,0
20150519,0,0.4975640412578869,0
20150520,0,0.41905291118653365,0
20150521,0,0.43748700414714503,0
20150522,0,0.283079773931721,0
20150525,0,0.30416555301561954,0
20150526,0,0.41349152542372886,0
20150527,0,0.3197553199073483,0
20150528,0,0.39839854313018763,0
20150529,0,0.35481782311508864,0
20150601,0,0.4411883728081053,0
20150602,0,0.47063592146970445,0
20150603,0,0.35050761817213183,0
20150604,0,0.3892065010814202,0
20150605,0,0.37565942385083717,0
20150608,0,0.34058673469387757,0
20150609,0,0.36956320849863145,0
20150610,0,0.469631507775524,0
20150611,0,0.24364432430988398,0
20150612,0,0.25536084952767507,0
20150615,0,0.2898773528986839,0
20150616,0,0.25361974668823944,0
20150617,0,0.38577138259808436,0
20150618,0,0.4543340575727262,0
20150619,0,0.3204937299253004,0
20150622,0,0.36,1
20150623,0,0.4857018293793165,1
20150624,0,0.35253851278201814,1
20150625,0,0.23662583396405754,1
20150626,0,0.30609789063311066,1
20150629,0,0.467630023640662,0
20150630,0,0.3729582066317452,0
20150701,0,0.4343655400872183,1
20150702,0,0.3356268393414264,1
20150703,0,0.29090417223972037,1
20150706,1,0.6456779605588784,1
20150707,1,0.5747121004203773,1
20150708,1,0.5807886965778425,0
20150709,0,0.4475513975708537,0
20150710,1,0.5888194045578767,0
20150713,0,0.4943820629944722,0
20150714,0,0.4724306720109518,0
20150715,0,0.48753737137643066,0
20150716,1,0.5598252682663865,0
20150717,1,0.516107821925199,0
20150721,1,0.6336366497318893,1
20150722,1,0.5654958218704751,0
20150723,1,0.5615977229601518,0
20150724,1,0.6314759147525819,0
20150727,1,0.621759339927847,0
20150728,1,0.6536720969089389,0
20150729,1,0.5640031234482289,0
20150730,1,0.5115046149611415,0
20150731,0,0.4375207356756166,0
20150803,0,0.34301690499452037,0
20150804,0,0.4475736784016433,0
20150805,1,0.5448178752204957,0
20150806,0,0.47878785880507907,0
20150807,0,0.45604665960112234,0
20150810,0,0.4708148652611694,0
20150811,1,0.542841207448525,0
20150812,0,0.42991666666666667,0
20150813,0,0.49187461564759904,0
20150814,1,0.5919533567596721,1
20150817,1,0.6357837195605278,1
20150818,1,0.5114964163755019,1
20150819,1,0.5949333493811594,1
20150820,1,0.5895315126074303,1
20150821,0,0.47044193028898623,1
20150824,0,0.38659888715908436,1
20150825,0,0.343920580553458,0
20150826,0,0.3101217402393507,0
20150827,0,0.274638727331782,0
20150828,0,0.30365933240136467,1
20150831,1,0.5050260612027165,1
20150901,1,0.5739121539005556,0
20150902,0,0.46233138426752346,0
20150903,0,0.41140161766390526,1
20150904,1,0.6398366315892187,0
20150907,1,0.5463065116858314,0
20150908,1,0.5652087891380213,0
20150909,1,0.5683837055552006,0
20150910,0,0.3168259966118041,0
20150911,1,0.5676407934987896,0
20150914,1,0.626219112495964,0
20150915,1,0.6980000391232296,0
20150916,1,0.7083834978730669,0
20150917,1,0.7175793364625584,1
20150918,1,0.6409118421227435,1
20150924,1,0.6672970430107525,1
20150925,1,0.6583278962770135,1
20150928,1,0.6331864626175259,0
20150929,1,0.6749561216078764,0
20150930,1,0.5777970139392362,0
20151001,1,0.5218877244681436,0
20151002,1,0.6632611005813306,0
20151005,1,0.6180054425462411,0
20151006,1,0.5112465366620342,0
20151007,1,0.7374093034128097,0
20151008,1,0.5213399908316503,0
20151009,1,0.5309405409044546,0
20151013,1,0.5344446241373332,0
20151014,1,0.7022325302563882,0
20151015,1,0.5153924082416049,0
20151016,1,0.5282733668842643,0
20151019,1,0.5911371483980216,0
20151020,1,0.6945282761123768,0
20151021,1,0.7053384555647699,0
20151022,1,0.6933041592869718,0
20151023,1,0.616570384467388,0
20151026,1,0.547743069396303,0
20151027,1,0.5307593828174686,0
20151028,1,0.5405048294415681,0
20151029,0,0.4679921214415469,0
20151030,0,0.4716165076173436,0
20151102,0,0.3633814353402216,0
20151104,0,0.45046390018785387,0
20151105,0,0.42226462573563445,0
20151106,0,0.49754861590799926,0
20151109,0,0.40482560021161906,0
20151110,0,0.4849738406571275,0
20151111,0,0.45929779401353676,0
20151112,0,0.4226322617466886,0
20151113,0,0.3804471324645975,0
20151116,1,0.5550178606749498,0
20151117,0,0.44816525155885256,0
20151118,1,0.57658557633305,0
20151119,1,0.7558197350351904,0
20151120,1,0.5939436922038731,0
20151124,0,0.39673179471945674,0
20151125,1,0.6259429158579546,0
20151126,1,0.5884248937589937,0
20151127,1,0.5542416248144728,0
20151130,1,0.5849164765758902,0
20151201,1,0.6204139164928639,0
20151202,1,0.5376989231570901,0
20151203,1,0.6274422596570844,0
20151204,1,0.803871033788801,0
20151207,1,0.6926886607967394,1
20151208,1,0.601951500482874,1
20151209,1,0.6704015257067926,1
20151210,1,0.6565373972441978,1
20151211,1,0.5973424318291997,1
20151214,1,0.5511989525269033,0
20151215,0,0.43984853827845505,0
20151216,0,0.4982024014138423,0
20151217,1,0.524840709428741,0
20151218,1,0.6011441566171796,0
20151221,1,0.6142213225819055,0
20151222,0,0.45736926045643567,0
20151224,1,0.6753594714775859,0
20151225,1,0.548874012168531,0
20151228,1,0.6454536251512303,1
20151229,1,0.6705825319649048,1
20151230,1,0.5530113979512913,1
20160104,1,0.7230380974122805,1
20160105,1,0.6466531955715059,1
20160106,1,0.7190888563545476,1
20160107,1,0.686494081878629,1
20160108,1,0.5963686962515379,1
20160112,1,0.6953106678258173,1
20160113,1,0.6001868343677417,1
20160114,1,0.6630071841905876,1
20160115,1,0.7567352153819538,1
20160118,1,0.5941971550508511,1
20160119,1,0.6317112501392441,1
20160120,1,0.7449730954954612,1
20160121,1,0.7053310768739433,0
20160122,1,0.6290646900871689,0
20160125,1,0.5182443369130869,0
20160126,1,0.6874611840401315,0
20160127,1,0.6058234861271171,0
20160128,1,0.6618050241515216,0
20160129,1,0.683035620304471,1
20160201,1,0.6996080111358808,1
20160202,1,0.659805121176777,1
20160203,1,0.6934565968904336,1
20160204,1,0.7084447368497373,1
20160205,1,0.6439385310207735,1
20160208,1,0.5850833153753804,1
20160209,1,0.7134607739386353,1
20160210,1,0.6598106416902094,1
20160212,1,0.64934458140403,0
20160215,1,0.6565471148722212,0
20160216,1,0.6653993536847014,0
20160217,1,0.568696582251052,0
20160218,1,0.5629624913845317,0
20160219,1,0.5834381464865235,0
20160222,1,0.623626853847988,0
20160223,1,0.6949775638572416,0
20160224,1,0.5958503503127952,0
20160225,1,0.7179690793576163,0
20160226,1,0.6112947843725096,0
20160229,1,0.7254941649129385,0
20160301,1,0.6590140742930788,0
20160302,1,0.5409713218783334,0
20160303,0,0.48460831573953933,0
20160304,0,0.3623076923076923,0
20160307,0,0.35129999999999995,0
20160308,1,0.5400668367826481,0
20160309,1,0.5848582167832168,0
20160310,1,0.6655301380321467,0
20160311,1,0.6039735864028553,0
20160314,1,0.5522540620158627,0
20160315,1,0.5551044973544973,0
20160316,0,0.44408500872399226,0
20160317,1,0.7662925245980077,0
20160318,1,0.6171324577593765,0
20160322,0,0.4549242424242424,0
20160323,1,0.5202710420382707,0
20160324,0,0.399868091892997,0
20160325,0,0.3845147263039647,1
20160328,0,0.42432468642694227,0
20160329,1,0.5471860395830465,1
20160330,1,0.7434163126539436,1
20160331,1,0.670392138629009,1
20160401,1,0.7221179703569522,0
20160404,1,0.6202285303946103,0
20160405,1,0.7986185151879118,0
20160406,1,0.7277962153507663,0
20160407,1,0.6748504487235139,0
20160408,0,0.4588048794344078,0
20160411,1,0.5724191794326083,1
20160412,1,0.6297386947498181,1
20160413,0,0.3980067758328627,1
20160414,1,0.628895519156146,1
20160415,1,0.5671875,1
20160418,1,0.7075621103746854,0
20160419,1,0.5606960721762029,0
20160420,1,0.5951260969073282,0
20160421,1,0.608579862495696,0
20160422,1,0.6525330427579173,0
20160425,1,0.5437424456906205,0
20160426,1,0.7236724136827729,0
20160427,0,0.4993137623623328,0
20160428,1,0.7590585162094737,1
20160502,1,0.6471502428985341,0
20160506,1,0.5590120433174238,0
20160509,1,0.6999041137464055,0
20160510,1,0.5211808191048286,0
20160511,0,0.4500790077246618,0
20160512,0,0.4541706668737636,0
20160513,1,0.5607067888641679,0
20160516,0,0.47883826437183735,0
20160517,0,0.44877195995961977,0
20160518,1,0.6791506871877404,0
20160519,1,0.5084166666666667,0
20160520,0,0.4683682248226348,0
20160523,1,0.5462079869849259,0
20160524,1,0.6465545542129769,0
20160525,1,0.5132751623376623,0
20160526,1,0.6697759103641456,0
20160527,1,0.6119146035263022,0
20160530,1,0.5080732427281954,0
20160531,1,0.5294033515708897,0
20160601,1,0.6789536607587141,0
20160602,1,0.7058883015379636,0
20160603,1,0.6550292451599828,0
20160606,0,0.4606708968262445,1
20160607,0,0.39341929688718547,1
20160608,0,0.4793034226981884,1
20160609,1,0.5861859217742628,1
20160610,1,0.6172059401333991,1
20160613,1,0.5624464256596496,0
20160614,1,0.6742417653262155,0
20160615,1,0.5978292477788384,0
20160616,1,0.6531719310161769,0
20160617,1,0.5941535964308614,1
20160620,1,0.6231189566177553,1
20160621,1,0.6154636214449783,1
20160622,1,0.6459923660905804,1
20160623,1,0.6631058344615804,1
20160624,1,0.6387827880381053,0
20160627,1,0.6463396325967428,0
20160628,1,0.648237649321202,0
20160629,1,0.7311749800569619,0
20160630,1,0.670463736844855,0
20160701,1,0.6432320032895537,0
20160704,1,0.6384598546601262,1
20160705,1,0.6678242751029585,0
20160706,1,0.6833262531838008,0
20160707,1,0.6260880039084412,0
20160708,1,0.7199088761628086,0
20160711,1,0.6189957451171808,0
20160712,1,0.5718296047382104,0
20160713,1,0.6053988160961751,0
20160714,1,0.6112846219165067,0
20160715,1,0.5775935738428806,0
20160719,1,0.6336844752828245,0
20160720,1,0.5687404281484908,0
20160721,1,0.5936756232043517,0
20160722,1,0.5947372824997266,0
20160725,1,0.5964187341265879,0
20160726,1,0.6928875209097589,0
20160727,1,0.6541043948271178,0
20160728,0,0.47059048545280086,0
20160729,1,0.666726118629266,0
20160801,1,0.5391393601666452,0
20160802,1,0.591954622288045,0
20160803,1,0.6091844245660402,0
20160804,1,0.5250774249507315,0
20160805,1,0.5488962298395259,0
20160808,1,0.6999450163904729,0
20160809,1,0.7062289367052658,0
20160810,1,0.6945680054102354,0
20160812,1,0.5914488365104723,0
20160815,1,0.6817787114358629,0
20160816,1,0.7169090502134533,0
20160817,1,0.692292324607166,0
20160818,1,0.6889019726738139,0
20160819,1,0.600015491238195,0
20160822,1,0.574863043436929,0
20160823,1,0.5682414204426585,0
20160824,1,0.5169352210236915,0
20160825,1,0.512743164814581,0
20160826,1,0.6201607524999678,0
20160829,0,0.35889237320944645,0
20160830,0,0.44461038265772884,0
20160831,1,0.5585929446992697,0
20160901,1,0.5952621163456447,0
20160902,0,0.46100528851499556,0
20160905,0,0.450405862527665,0
20160906,1,0.5526446537398861,0
20160907,0,0.4980691230961333,0
20160908,1,0.5968257250536806,0
20160909,1,0.5519246041187218,1
20160912,1,0.6368097371177972,0
20160913,1,0.6760087362721395,0
20160914,1,0.59350062185907,0
20160915,1,0.5694684239122622,0
20160916,0,0.418983809795216,0
20160920,1,0.5803673813339308,0
20160921,1,0.5300125522053842,0
20160923,0,0.4896212175150512,0
20160926,1,0.5315643978145366,0
20160927,1,0.569956042583164,0
20160928,1,0.567851616287674,0
20160929,1,0.5423760919331904,0
20160930,1,0.5176466175810172,0
20161003,1,0.5744048718132142,0
20161004,1,0.5248736264220275,0
20161005,0,0.3618749511325505,0
20161006,1,0.5282113527860268,0
20161007,1,0.5153791718870113,0
20161011,1,0.5378111723843818,0
20161012,0,0.4921330324050532,0
20161013,0,0.4680340578421135,0
20161014,0,0.36708333333333326,0
20161017,0,0.4544791369613445,0
20161018,1,0.5884174385111127,0
20161019,1,0.6084088629683858,0
20161020,1,0.6065744599311061,0
20161021,1,0.5278445554595936,0
20161024,0,0.42349972048574375,0
20161025,0,0.3749159040917218,0
20161026,0,0.30798181953471654,1
20161027,0,0.2773647676735284,1
20161028,0,0.4851122881346522,1
20161031,0,0.403015542598841,1
20161101,0,0.44909022252534425,1
20161102,1,0.5154058579677381,1
20161104,0,0.45375108936516456,0
20161107,0,0.48905409363111124,1
20161108,0,0.40987806637806634,1
20161109,0,0.43706973683036915,0
20161110,1,0.5143181445446339,0
20161111,1,0.5021106353688211,0
20161114,0,0.4937408943199209,0
20161115,1,0.5335611832823457,0
20161116,0,0.38206455111111426,0
20161117,0,0.33277841183239326,0
20161118,0,0.37452651084551924,0
20161121,0,0.43068309758821255,0
20161122,1,0.5212226926978288,0
20161124,1,0.504602311018659,0
20161125,0,0.48805528052250813,0
20161128,1,0.611746827910535,0
20161129,1,0.6165823628524137,0
20161130,1,0.5017302789163515,0
20161201,1,0.5546541872202392,0
20161202,0,0.47878576522269084,0
20161205,1,0.5486391912929126,0
20161206,1,0.5314663500447695,0
20161207,0,0.47734583150495047,0
20161208,1,0.528113693303249,0
20161209,0,0.4978787302921829,0
20161212,0,0.494111030698033,0
20161213,0,0.42116617582452043,0
20161214,0,0.4782164659540382,0
20161215,1,0.5530131940614234,0
20161216,0,0.4449562249067433,0
20161219,0,0.45273456940227985,0
20161220,1,0.6087630509949511,0
20161221,0,0.4605820506137413,0
20161222,1,0.6085143298162774,1
20161226,0,0.48987730267721696,0
20161227,1,0.5536850545519109,0
20161228,1,0.5511264786113377,0
20161229,0,0.4572320812405458,0
20161230,1,0.5030266637130781,0
20170104,1,0.5425212452000562,0
20170105,0,0.4456942191841541,0
20170106,0,0.4809492737189806,0
20170110,1,0.5304820613176777,0
20170111,1,0.5438268388448093,0
20170112,1,0.6437573251411195,0
20170113,0,0.46596025271520913,0
20170116,1,0.5479529921765632,0
20170117,0,0.4832946774004606,0
20170118,0,0.44471621936331424,0
20170119,0,0.41563549423245777,0
20170120,0,0.4950950782148492,0
20170123,1,0.6376881871671046,0
20170124,1,0.5822136983770941,0
20170125,1,0.5268968781914898,0
20170126,1,0.5197097327095352,0
20170127,1,0.5902107332272338,0
20170130,1,0.5113280313713231,0
20170131,0,0.47825678180895587,0
20170201,0,0.42908002906929554,0
20170202,0,0.4611561632798235,0
20170203,0,0.29267149233092477,0
20170206,1,0.507624430992711,0
20170207,0,0.3940394909608185,0
20170208,0,0.4551946687938955,0
20170209,1,0.5663943863772238,0
20170210,0,0.4448398791022221,0
20170213,0,0.3592930710614921,0
20170214,1,0.5791359618577939,0
20170215,0,0.39586261352530216,0
20170216,0,0.40809467919208275,0
20170217,0,0.45372632447731576,0
20170220,0,0.3900243914060387,0
20170221,0,0.4261009848065475,0
20170222,1,0.5061664556980865,0
20170223,1,0.5001553585374632,0
20170224,1,0.5347741875763394,0
20170227,0,0.4412115949153405,0
20170228,0,0.3921491826924768,0
20170301,0,0.3678151259992063,0
20170302,0,0.3707881674188912,0
20170303,0,0.3933758732483878,0
20170306,0,0.35462253610148137,0
20170307,0,0.4432307904475611,0
20170308,1,0.51889928588645,0
20170309,0,0.4286524618714176,0
20170310,0,0.44256295238826887,0
20170313,0,0.4088334280976072,0
20170314,0,0.30634846029614715,0
20170315,0,0.4097911279334792,0
20170316,1,0.5051352135733858,1
20170317,0,0.4523038514149443,1
20170321,0,0.4151915899086214,1
20170322,0,0.45923290198356903,0
20170323,0,0.331144625650894,0
20170324,1,0.533325845800464,0
20170327,0,0.40570242236371185,0
20170328,0,0.48724922931172443,0
20170329,1,0.5153796636147477,0
20170330,0,0.4521451973456591,0
20170331,0,0.44951582423966907,0
20170403,0,0.49683197407278684,0
20170404,0,0.4537511979642307,0
20170405,0,0.460926726955127,1
20170406,1,0.6501869401352388,0
20170407,1,0.5741031888775321,0
20170410,1,0.5622230622729328,0
20170411,1,0.5338696557754193,0
20170412,1,0.6063554963840584,0
20170413,0,0.46200728687745973,0
20170414,1,0.579003756816004,0
20170417,0,0.463980356508219,0
20170418,0,0.46439314994797265,0
20170419,0,0.4157496012759171,0
20170420,0,0.34974513895975534,0
20170421,0,0.3670257161938067,0
20170424,0,0.3031520958133406,0
20170425,0,0.40829159083685596,0
20170426,0,0.4141602682874828,0
20170427,0,0.2172148328180277,0
20170428,0,0.335863213233706,0
20170501,0,0.3775248635306126,0
20170502,0,0.3836227419588794,0
20170508,1,0.6402146664274514,0
20170509,0,0.42469649408782273,0
20170510,0,0.3392578979684236,0
20170511,0,0.35842784437932734,0
20170512,0,0.43100539848503766,0
20170515,0,0.44520436157326965,0
20170516,0,0.439021012312419,0
20170517,1,0.5797611586224576,0
20170518,1,0.5000869178543934,0
20170519,0,0.4178951069547584,0
20170522,0,0.3483882503954006,0
20170523,0,0.3968451417670117,0
20170524,0,0.36002604286663925,0
20170525,0,0.3966927714561244,0
20170526,0,0.39810003210622746,0
20170529,0,0.48846299215549194,0
20170530,0,0.47571311740124694,0
20170531,0,0.42090474530336947,0
20170601,0,0.38502164502164504,0
20170602,0,0.309631162656478,0
20170605,0,0.41890893599857804,0
20170606,0,0.43968774219287954,0
20170607,0,0.235274797666102,0
20170608,0,0.29766267786688294,0
20170609,0,0.3642859684930807,0
20170612,0,0.2622340387062698,0
20170613,0,0.2687543663731359,0
20170614,0,0.38806593737604494,0
20170615,0,0.44744805814782057,0
20170616,0,0.3542546683431697,0
20170619,0,0.38113135022042244,0
20170620,0,0.40162483717325226,0
20170621,0,0.2924454371327176,0
20170622,0,0.3061108233125446,0
20170623,0,0.31479833133363083,0
20170626,0,0.28996808813655733,0
20170627,0,0.41322585727096955,0
20170628,0,0.3161783052718779,0
20170629,0,0.28958294391996575,0
20170630,0,0.3523622721268654,0
20170703,1,0.5701215976879296,0
20170704,0,0.4375247687377055,0
20170705,0,0.35486255433391756,0
20170706,0,0.26843340274048716,0
20170707,0,0.284490231990232,0
20170710,0,0.27434031078297044,0
20170711,0,0.3231453032219945,0
20170712,0,0.2549877503810504,0
20170713,0,0.3398420449800075,0
20170714,0,0.3603203661327231,0
20170718,0,0.3919759060861332,0
20170719,0,0.3303876438777013,0
20170720,0,0.24001623301257738,0
20170721,0,0.3811389712711704,0
20170724,0,0.35207518372874547,0
20170725,0,0.41760264036268263,0
20170726,0,0.3659351651110868,0
20170727,0,0.2667989934367345,0
20170728,0,0.3546552158126211,0
20170731,0,0.49904077512311823,0
20170801,0,0.2568504430621786,0
20170802,0,0.2546559438275697,1
20170803,0,0.33484838394708527,1
20170804,0,0.3699406178034015,1
20170807,0,0.40854733699045404,1
20170808,0,0.2920797116184384,1
20170809,1,0.5129855490758751,0
20170810,0,0.3952169247362747,0
20170814,0,0.36674441239043887,0
20170815,0,0.3132577153840741,0
20170816,0,0.3818339500856049,0
20170817,0,0.3323637014593389,0
20170818,0,0.33162446605586,0
20170821,0,0.4499150522988119,0
20170822,1,0.5061496837100953,0
20170823,0,0.3488725620493554,0
20170824,0,0.2991764256250697,0
20170825,1,0.5116160593792174,0
20170828,0,0.3568184268344817,0
20170829,1,0.6163892813812815,0
20170830,0,0.3523651594596153,0
20170831,0,0.29161741782870043,0
20170901,0,0.26091682768045177,1
20170904,1,0.5506287848490582,0
20170905,1,0.55807630334702,0
20170906,0,0.3670964371756284,0
20170907,1,0.5567274168056663,0
20170908,0,0.48145338332838333,0
20170911,0,0.4120369568968119,0
20170912,0,0.35682572946824836,0
20170913,0,0.4207716636734293,0
20170914,0,0.4092719572094572,0
20170915,0,0.25676594399277325,0
20170919,0,0.373654871293581,0
20170920,0,0.2834347519399429,0
20170921,0,0.25901252952816184,0
20170922,0,0.306853568886077,0
20170925,0,0.3890947891997496,0
20170926,0,0.41133265481419856,0
20170927,1,0.5206366042843427,0
20170928,1,0.56885320265192,0
20170929,1,0.5892803872277834,0
20171002,1,0.5776441388105522,0
20171003,1,0.5352088068262151,0
20171004,1,0.5425884554597701,0
20171005,0,0.4747704533200238,0
20171006,1,0.5330693653864239,0
20171010,0,0.4493842355758332,0
20171011,1,0.5545789416632426,0
20171012,0,0.49377078250790907,0
20171013,1,0.5853049808648672,0
20171016,1,0.5536428525218642,0
20171017,1,0.5351161834821279,0
20171018,1,0.5122646558047559,0
20171019,0,0.42335225224748135,0
20171020,0,0.3994237578395224,0
20171023,0,0.4156904175341485,0
20171024,0,0.38728317090747927,0
20171025,0,0.34608793203960864,0
20171026,0,0.46536072741870443,0
20171027,0,0.28748797324534753,0
20171030,0,0.3388026565128907,0
20171031,0,0.43631623485696835,0
20171101,1,0.5343122211817168,1
20171102,1,0.5425900648320555,1
20171106,0,0.4037156152090414,1
20171107,0,0.4566620570122594,1
20171108,0,0.3893563740126262,1
20171109,0,0.42017813043269103,0
20171110,0,0.45444503575891004,0
20171113,0,0.49144398671758494,0
20171114,0,0.38206061919427226,0
20171115,0,0.4262271391203372,0
20171116,0,0.45891505392466914,0
20171117,0,0.39466086860667177,0
20171120,0,0.43798339234031014,0
20171121,0,0.44979042085452503,0
20171122,0,0.43446933870027976,0
20171124,1,0.5555302453138298,0
20171127,0,0.42983050847457627,0
20171128,0,0.4124060088174398,0
20171129,0,0.4858611250255908,0
20171130,1,0.5045768956158018,0
20171201,0,0.4554343860479835,0
20171204,0,0.45210390249313603,0
20171205,1,0.5092291836159173,0
20171206,0,0.49099443570871126,0
20171207,0,0.449522019760719,0
20171208,1,0.5651271396669162,0
20171211,1,0.5337999184220376,0
20171212,1,0.5624797946252539,0
20171213,1,0.5284928858076774,0
20171214,1,0.6345048355645271,0
20171215,1,0.5435471816556585,0
20171218,1,0.5290174198967936,0
20171219,1,0.5376851221105106,0
20171220,1,0.573855294430353,0
20171221,0,0.42594345097174413,0
20171222,0,0.4090490196078431,0
20171225,0,0.4910083414407167,0
20171226,0,0.46045099043915505,0
20171227,1,0.6203536698824412,0
20171228,0,0.35,0
20171229,0,0.4800058945774706,0
20180104,1,0.5299593804261644,0
20180105,1,0.5469880854115735,0
20180109,1,0.5059140376694526,0
20180110,1,0.5901605951993049,0
20180111,0,0.46246367873029526,0
20180112,0,0.39755226125904014,0
20180115,1,0.531450871592176,0
20180116,0,0.3834864072034818,0
20180117,0,0.34072903825595174,0
20180118,0,0.41618749467071553,0
20180119,0,0.39702985281366565,0
20180122,0,0.3039807243424642,0
20180123,0,0.44919299518120936,0
20180124,0,0.44621798730908857,0
20180125,0,0.4148481053825095,0
20180126,0,0.32691446445612976,0
20180129,1,0.5157630645536735,1
20180130,0,0.38669956762585334,1
20180131,0,0.34732270648046426,1
20180201,0,0.46590210146218763,1
20180202,0,0.3927306026977735,1
20180205,1,0.5017912740791867,1
20180206,1,0.5975400560533224,1
20180207,1,0.5533304938571331,1
20180208,0,0.48805434740599496,1
20180209,1,0.6762998027987339,0
20180213,0,0.4437144713244615,0
20180214,1,0.5153638476214131,0
20180215,1,0.5058197628455121,0
20180216,0,0.40520300954361793,0
20180219,1,0.6015288046111895,0
20180220,0,0.4885620808637235,0
20180221,0,0.4416168350860684,0
20180222,0,0.3503747322861296,0
20180223,1,0.5376633781977496,1
20180226,1,0.5511868595570334,1
20180227,1,0.5270854139940332,1
20180228,1,0.5868711994034229,1
20180301,1,0.5676693677770119,1
20180302,1,0.539050106343409,0
20180305,0,0.45650618170603224,0
20180306,0,0.3922621438926358,0
20180307,0,0.4092269540116222,0
20180308,0,0.46874129286603305,0
20180309,0,0.29834828896774296,0
20180312,0,0.33599069054623226,0
20180313,0,0.2590749782619453,0
20180314,0,0.2862770305675597,0
20180315,0,0.2622756162949348,1
20180316,0,0.29857003559246137,1
20180319,0,0.3976008925174744,1
20180320,0,0.46888021232987415,1
20180322,0,0.4324420044798255,1
20180323,0,0.43,0
20180326,0,0.4197510966093729,0
20180327,0,0.46354518385821897,0
20180328,0,0.4464692179363977,0
20180329,0,0.462287524981238,0
20180330,0,0.4893609125051029,0
20180402,1,0.5630917411999348,0
20180403,1,0.541178290465984,0
20180404,1,0.5690140056714085,0
20180405,0,0.3413308720448254,0
20180406,1,0.5074829461053937,0
20180409,0,0.44751415486362767,0
20180410,0,0.3992544825032149,0
20180411,0,0.48188284731874304,0
20180412,0,0.4381040889086222,0
20180413,1,0.5142146570724708,0
20180416,1,0.6007390595430969,0
20180417,0,0.45024844101105616,0
20180418,0,0.4323418506124612,0
20180419,0,0.48660258970817855,0
20180420,0,0.3331380923663626,0
20180423,0,0.3607252055161445,0
20180424,1,0.5198729610453543,0
20180425,1,0.5072684335860296,0
20180426,0,0.4681019157329372,0
20180427,0,0.35130090342550685,0
20180501,0,0.3619098026286445,0
20180502,0,0.34275809635591303,0
20180507,0,0.39649116477472085,0
20180508,0,0.3187351598456777,0
20180509,0,0.3110790718044408,0
20180510,0,0.22976151301440492,0
20180511,0,0.22294238571398728,0
20180514,0,0.24051432902064376,0
20180515,0,0.2990337190620401,0
20180516,0,0.22799639024497512,0
20180517,0,0.33286435676484044,0
20180518,0,0.3201923076923077,0
20180521,0,0.32430229788846704,0
20180522,0,0.4413180361123205,0
20180523,0,0.2338528718000607,0
20180524,0,0.3136576582565948,0
20180525,0,0.40384673998115445,0
20180528,0,0.2602145460940229,1
20180529,0,0.23540043567543567,0
20180530,0,0.39083080515913,0
20180531,0,0.37333333333333335,0
20180601,0,0.3635882313225411,0
20180604,0,0.338628942877331,0
20180605,0,0.2604604236343367,0
20180606,0,0.3110239170885638,0
20180607,0,0.39069073860624776,0
20180608,0,0.17359797896866863,0
20180611,0,0.3110953643858972,0
20180612,0,0.34680317563536717,1
20180613,0,0.411371459066564,1
20180614,0,0.30959129846152555,1
20180615,0,0.27265266171349534,1
20180618,0,0.38,1
20180619,1,0.522289076105772,0
20180620,1,0.5187885060950411,0
20180621,0,0.40926023203654466,0
20180622,1,0.6171609848484848,0
20180625,1,0.580140350877193,1
20180626,0,0.341461296743244,1
20180627,0,0.34622671863163446,1
20180628,0,0.3369234117362676,0
20180629,1,0.5693157507110721,1
20180702,0,0.49256585080281323,0
20180703,0,0.44396795823078217,0
20180704,0,0.43326332647896054,0
20180705,0,0.4889533548479721,0
20180706,0,0.29495266294280653,0
20180709,0,0.4788204411639231,0
20180710,0,0.43743325363963015,0
20180711,0,0.4174523001022672,0
20180712,0,0.3309564992660147,0
20180713,1,0.5577031192368752,0
20180717,0,0.3604747732703056,0
20180718,0,0.39839481979139685,0
20180719,0,0.37867328003824857,0
20180720,0,0.4389472600363944,0
20180723,0,0.4258729530661224,0
20180724,0,0.41719912804327997,0
20180725,0,0.35685146067968054,0
20180726,0,0.3362639593250823,0
20180727,0,0.41144628266687133,0
20180730,0,0.3767261170152989,0
20180731,0,0.48401163216848936,0
20180801,0,0.42324633555928254,0
20180802,1,0.5017289888852581,0
20180803,1,0.5273438836019649,0
20180806,0,0.36263642312353006,0
20180807,0,0.3882683820646392,1
20180808,0,0.320776822737225,1
20180809,0,0.383759870347389,1
20180810,0,0.41564180355726454,0
20180813,1,0.5945885148100565,0
20180814,1,0.5740475640978248,0
20180815,1,0.5080640816162376,0
20180816,1,0.5029205887942494,0
20180817,1,0.5845815450078843,0
20180820,1,0.522980928924616,0
20180821,0,0.46148523084173126,0
20180822,1,0.5786636641969557,0
20180823,1,0.5722557887143286,0
20180824,1,0.5540442310831863,0
20180827,1,0.64364732618097,0
20180828,1,0.6249352579111518,0
20180829,1,0.5976510639674629,0
20180830,1,0.5189676417776584,0
20180831,1,0.5656189731610854,0
20180903,0,0.4420195172599387,0
20180904,1,0.5482485675928561,0
20180905,1,0.5999939273986991,0
20180906,1,0.5037882473572541,0
20180907,1,0.6718023518201711,0
20180910,1,0.5848552071348506,0
20180911,1,0.6104184386039457,0
20180912,1,0.5532988762758542,0
20180913,1,0.5614725772948279,0
20180914,0,0.4878400749303018,0
20180918,1,0.6361962925700416,0
20180919,1,0.5718287572567233,0
20180920,0,0.4296215489615598,0
20180921,1,0.50600317629366,0
20180925,1,0.5777564102564102,0
20180926,0,0.4076712161138439,0
20180927,1,0.5733282710945091,0
20180928,1,0.6386116673333959,0
20181001,0,0.43812163820514516,0
20181002,1,0.5424546789952212,0
20181003,1,0.5033943799269168,1
20181004,1,0.6402188828163646,1
20181005,0,0.4860244020419603,1
20181009,1,0.575673464587857,1
20181010,0,0.4112567061617367,1
20181011,1,0.5550151322607154,0
20181012,1,0.6142856420948821,0
20181015,1,0.5635641383891721,0
20181016,1,0.514467458142914,0
20181017,0,0.4579518941643583,1
20181018,0,0.3710586628393691,1
20181019,0,0.4642704966180869,1
20181022,0,0.44658879967407594,1
20181023,0,0.45173387501604234,0
20181024,1,0.5266924066970832,1
20181025,1,0.5398201775341362,0
20181026,1,0.5947244970813633,0
20181029,1,0.51078125,0
20181030,1,0.5203603601710187,0
20181031,1,0.5726508233256878,0
20181101,0,0.46629166787663273,0
20181102,0,0.39281321368905986,0
20181105,1,0.5137190903222575,0
20181106,0,0.4761980173091007,0
20181107,0,0.4154797452669011,0
20181108,0,0.4328756916464439,0
20181109,1,0.522149364422635,0
20181112,0,0.48086808921953206,0
20181113,0,0.3931994794788148,0
20181114,1,0.5640529727042332,0
20181115,0,0.45867465159765153,0
20181116,0,0.42291313050734675,0
20181119,0,0.49234484572173526,0
20181120,1,0.5962893174638727,0
20181121,1,0.6680964143820002,0
20181122,1,0.5367751772211948,0
20181126,1,0.534989110707804,0
20181127,1,0.6120025808041288,0
20181128,1,0.5501727931701668,0
20181129,1,0.5084857674114662,0
20181130,0,0.4494428815406862,0
20181203,0,0.4322051208207046,1
20181204,0,0.4543456970045402,1
20181205,0,0.4949333759637615,1
20181206,1,0.5804483610825794,0
20181207,0,0.4846992589388843,0
20181210,0,0.4438357004076802,0
20181211,0,0.42073975071009284,0
20181212,1,0.6061740011672792,0
20181213,1,0.5910717272438535,1
20181214,1,0.5555263859491599,1
20181217,1,0.5298293650793651,1
20181218,1,0.6090616107545085,1
20181219,1,0.5603389830508475,1
20181220,1,0.5462589842908225,1
20181221,1,0.5229577840512506,1
20181225,1,0.5976770618489674,0
20181226,0,0.4919380963076453,0
20181227,1,0.5478080462946635,0
20181228,0,0.4601635496856257,0
20190104,1,0.5562323797473124,0
20190107,1,0.6571949818477583,0
20190108,1,0.5997617812142619,0
20190109,1,0.5573167523420586,0
20190110,1,0.5127159014260578,0
20190111,0,0.4512412835175251,0
20190115,0,0.450786749782444,0
20190116,0,0.41907543783162654,0
20190117,1,0.5031977617076814,0
20190118,1,0.5896844156234954,0
20190121,0,0.4807148407929646,0
20190122,1,0.5098254130902573,0
20190123,0,0.4959048501488871,0
20190124,0,0.4356808063774325,0
20190125,1,0.51177155037906,0
20190128,0,0.4711520704582998,0
20190129,1,0.5491482991328701,0
20190130,1,0.5483768115942029,0
20190131,1,0.6594773464112547,0
20190201,1,0.5372226916992066,0
20190204,1,0.5518389943389944,0
20190205,1,0.589639171907942,0
20190206,1,0.6004232901040394,0
20190207,0,0.4238042740269596,0
20190208,1,0.5580673015081452,0
20190212,1,0.5324857982484681,0
20190213,0,0.4112146454305956,0
20190214,0,0.4823187474089654,0
20190215,0,0.4746700259498391,0
20190218,0,0.4177923941636375,0
20190219,0,0.4511332621380133,0
20190220,1,0.588261280201598,0
20190221,1,0.5413396172256261,0
20190222,0,0.49177685286063244,0
20190225,1,0.5620846006903825,0
20190226,0,0.46547491925179585,0
20190227,0,0.4473000979715823,0
20190228,0,0.42601264137084344,0
20190301,0,0.4372073600314502,0
20190304,1,0.5003369674059404,0
20190305,0,0.41807708303267915,0
20190306,0,0.4602136151233405,0
20190307,1,0.5226764172248357,0
20190308,1,0.545148978021617,0
20190311,1,0.5238047413592909,0
20190312,0,0.4872428949270833,0
20190313,1,0.6422048418259478,0
20190314,1,0.6901449275362319,0
20190315,0,0.48028805772028804,0
20190318,1,0.6054468132233324,1
20190319,1,0.5388086821713298,1
20190320,0,0.4593575350916296,1
20190322,1,0.603171971182346,1
20190325,1,0.7399675237352656,0
20190326,1,0.7658073469984972,0
20190327,1,0.5724637657186757,0
20190328,1,0.5735144036537686,0
20190329,1,0.6233840351362104,0
20190401,1,0.6660436274763076,0
20190402,1,0.5757448581663076,0
20190403,1,0.5259929521939791,0
20190404,1,0.6747972261533789,0
20190405,1,0.5665789361522614,0
20190408,1,0.5836308433168899,0
20190409,1,0.544668510653357,0
20190410,0,0.481190535326359,0
20190411,1,0.6038465150600182,0
20190412,1,0.6534937762123326,0
20190415,1,0.5479451067229326,0
20190416,1,0.5644602178736119,0
20190417,1,0.5051785714285715,0
20190418,1,0.515153864714462,0
20190419,0,0.4691739108729721,0
20190422,1,0.5009733736422376,1
20190423,0,0.4767025991891422,1
20190424,0,0.48873974668225245,1
20190425,1,0.6365157802400584,1
20190426,1,0.6013000861299536,1
20190507,1,0.6008885934771487,1
20190508,1,0.5345752936163676,0
20190509,0,0.38673912459560694,0
20190510,1,0.6014285714285714,0
20190513,0,0.45637133061268725,0
20190514,0,0.31502982094340237,0
20190515,0,0.32515450534060364,0
20190516,0,0.21630241624825253,0
20190517,0,0.2907006318573128,0
20190520,0,0.19706090288221254,0
20190521,0,0.2887180871061579,0
20190522,0,0.39077807056067926,0
20190523,0,0.4318254903593888,0
20190524,0,0.41483508918528883,0
20190527,0,0.31003878474466706,0
20190528,0,0.44797922155651454,0
20190529,0,0.3853365689834484,0
20190530,0,0.4599707602339182,0
20190531,1,0.6473544636911878,0
20190603,0,0.4561649470235303,0
20190604,0,0.39305818084592686,0
20190605,0,0.43827850962925324,0
20190606,0,0.31238999751447505,0
20190607,0,0.3388074373804421,0
20190610,0,0.3714807465765116,0
20190611,0,0.4408464136282781,0
20190612,0,0.34330400629491126,0
20190613,0,0.36980895682566034,0
20190614,0,0.3185311539816622,0
20190617,0,0.34784176931314886,0
20190618,0,0.28113247863247864,0
20190619,0,0.27897379974044423,0
20190620,0,0.29485653606663753,0
20190621,0,0.46944024829257247,0
20190624,0,0.37536610948072685,0
20190625,0,0.35564703074068965,0
20190626,0,0.24444402358881828,0
20190627,0,0.29843920431112037,0
20190628,0,0.3569639251044959,0
20190701,0,0.36597601053628703,0
20190702,0,0.280205355482249,0
20190703,0,0.29293765672128735,0
20190704,0,0.19081068786276062,0
20190705,0,0.41129500265816055,0
20190708,0,0.34086486169020913,0
20190709,0,0.31950345658087204,0
20190710,0,0.3398311787353854,0
20190711,0,0.425519471174505,0
20190712,0,0.4464109683384625,0
20190716,0,0.2904369138959932,0
20190717,0,0.3071943465381295,0
20190718,0,0.455085378505843,0
20190719,0,0.35796785838425244,0
20190722,0,0.31764028934395244,0
20190723,0,0.447642183746068,0
20190724,0,0.3890637908322201,0
20190725,0,0.3729815530616488,0
20190726,0,0.3697086545295813,0
20190729,0,0.39501033127498286,1
20190730,0,0.40979636907852457,1
20190731,0,0.38186712568851017,1
20190801,0,0.29377167993297026,1
20190802,0,0.41214151587715414,1
20190805,0,0.3862890171902567,0
20190806,1,0.5016301267784786,0
20190807,0,0.3608987397451896,0
20190808,0,0.2647480018094165,0
20190809,0,0.30013495822846387,0
20190813,0,0.3329186228482003,0
20190814,1,0.5380736861329977,0
20190815,0,0.4773053768056325,0
20190816,0,0.47082787125804065,0
20190819,1,0.568843680597334,0
20190820,1,0.5159983452039079,0
20190821,1,0.5169132102714857,0
20190822,1,0.5390639598557762,0
20190823,0,0.4698297196894003,1
20190826,1,0.7022455637024215,0
20190827,0,0.4111163131068276,0
20190828,0,0.4361154012938767,0
20190829,0,0.4857703376760555,0
20190830,0,0.48823680115518436,0
20190902,0,0.4948894064319247,0
20190903,1,0.6250631699841258,0
20190904,1,0.6749296150906647,0
20190905,1,0.8012792619340822,0
20190906,0,0.48334321198906255,0
20190909,0,0.4860561381326358,0
20190910,0,0.26689483362257227,0
20190911,0,0.4704966272969905,0
20190912,1,0.5047011694324027,0
20190913,1,0.5734248250537971,0
20190917,0,0.34330797218515635,0
20190918,0,0.4641994225397887,0
20190919,1,0.5785126232612877,0
20190920,1,0.6023698944069189,0
20190924,1,0.5231174138263612,0
20190925,1,0.5694869308048175,0
20190926,1,0.5941661728102406,0
20190927,1,0.6861728719643293,0
20190930,1,0.5664920420457789,0
20191001,1,0.6781100527332146,0
20191002,1,0.5475956607646159,0
20191003,1,0.6754821526826027,0
20191004,0,0.3791073051275257,0
20191007,0,0.4292409747356376,0
20191008,0,0.47997669221129485,0
20191009,0,0.43226782469016284,0
20191010,0,0.41764333463361936,0
20191011,1,0.5131830103215378,0
20191015,0,0.4358225941491143,0
20191016,0,0.4601860808999982,0
20191017,0,0.3557590938260728,0
20191018,1,0.574097945084383,0
20191021,0,0.3895864922419786,0
20191023,1,0.6264141319983583,0
20191024,1,0.5607382585340459,0
20191025,0,0.4814619896281434,0
20191028,0,0.48180285232507924,0
20191029,1,0.5730745653190318,0
20191030,1,0.5359296449627611,0
20191031,0,0.4438557564053586,0
20191101,1,0.5373947948012564,0
20191105,1,0.6692487511732401,0
20191106,1,0.5302612443273091,0
20191107,1,0.6328059087121318,0
20191108,1,0.655,0
20191111,0,0.4981485066864031,0
20191112,1,0.6128766896863734,0
20191113,0,0.45918456077029934,0
20191114,0,0.4790055915653223,0
20191115,0,0.277955291199871,0
20191118,0,0.4092335604438547,0
20191119,0,0.2826661615648238,0
20191120,0,0.39051650075768357,0
20191121,0,0.45755472506180367,0
20191122,0,0.3987061829398852,0
20191125,1,0.5113856596392465,0
20191126,1,0.6170280696774926,0
20191127,0,0.4950128645642228,0
20191128,0,0.36813320377916237,0
20191129,0,0.4480829228243022,0
20191202,1,0.5192247423032076,0
20191203,1,0.5998414755602216,0
20191204,0,0.4639395266954628,0
20191205,0,0.4599769180060928,0
20191206,0,0.3845408451742399,0
20191209,0,0.3401069058242895,0
20191210,0,0.3115044211553039,0
20191211,0,0.37252544576691415,0
20191212,0,0.37682805908757133,0
20191213,1,0.554229905737027,0
20191216,0,0.41685534591194967,0
20191217,0,0.44467431067239604,0
20191218,0,0.25747529319357076,0
20191219,0,0.3410214861925542,0
20191220,1,0.5043456655282214,0
20191223,0,0.3443805130145741,0
20191224,0,0.44051609275782183,0
20191225,0,0.34582168465691593,0
20191226,1,0.5377855786568729,1
20191227,1,0.5050487542756986,1
20191230,0,0.4794585618231357,0
20200106,1,0.6092816895458405,0
20200107,0,0.42495457604343656,0
20200108,0,0.4314768629403754,0
20200109,0,0.43375505000446873,0
20200110,0,0.4029486060696667,0
20200114,0,0.43512318357749374,0
20200115,0,0.46317416274524026,0
20200116,0,0.42034130417744875,0
20200117,1,0.5411619030867082,0
20200120,1,0.5753412027249236,1
20200121,0,0.4815898605232216,1
20200122,1,0.5493087502871157,1
20200123,0,0.47264543517305246,1
20200124,0,0.3444691550490929,1
20200127,1,0.5132494576720147,0
20200128,0,0.41652404249160413,0
20200129,0,0.33253063132392396,0
20200130,0,0.475,0
20200131,0,0.4172131703218334,0
20200203,0,0.3985131525393522,0
20200204,0,0.38103136541024585,0
20200205,0,0.44116430866353495,0
20200206,0,0.39838961038961046,0
20200207,0,0.31654021213790234,0
20200210,0,0.3941448124797282,0
20200212,0,0.24210551001420808,0
20200213,0,0.4566618393548837,0
20200214,0,0.26614858867906904,0
20200217,0,0.3200450333979747,1
20200218,0,0.35025731591798676,1
20200219,0,0.35454971643441724,1
20200220,0,0.4414014835899338,1
20200221,0,0.22001190476190474,1
20200225,1,0.5341222771771935,1
20200226,0,0.490259595959596,1
20200227,1,0.6107686332579949,1
20200228,1,0.5514397478273534,0
20200302,0,0.4921336245924157,1
20200303,1,0.5322593118120984,1
20200304,1,0.5309713478187862,1
20200305,1,0.5570275984216662,1
20200306,1,0.6644186046511628,1
20200309,1,0.6529970696516864,1
20200310,0,0.4674472167498969,1
20200311,1,0.587065207632594,1
20200312,1,0.5492385419170618,1
20200313,1,0.6932616781865015,1
20200316,1,0.5552808552107333,1
20200317,1,0.6723931409055349,0
20200318,1,0.7142692066296702,0
20200319,1,0.7588888888888888,0
20200323,1,0.7847030125847168,0
20200324,1,0.7003038135342734,0
20200325,1,0.7340864042121191,1
20200326,1,0.5763793313506055,0
20200327,1,0.5337459797763145,1
20200330,1,0.5898837937011774,0
20200331,1,0.5770429547744983,0
20200401,1,0.7469379949001599,0
20200402,1,0.6068631880047236,0
20200403,0,0.41998450336822835,0
20200406,1,0.6414439590118607,0
20200407,1,0.8615774793461688,0
20200408,0,0.4284917170874386,0
20200409,1,0.5484259700651514,0
20200410,0,0.4395061910465026,0
20200413,1,0.5555648677302687,0
20200414,1,0.5672144006601377,0
20200415,1,0.5170998843350365,1
20200416,1,0.5000897881109185,1
20200417,1,0.6412659534695773,1
20200420,0,0.45950693843651585,1
20200421,1,0.5926243007816911,1
20200422,0,0.412820522694465,0
20200423,1,0.5393030573669363,0
20200424,1,0.5149551781054753,1
20200427,1,0.6814842653786605,1
20200428,0,0.45065972486405914,1
20200430,1,0.6607749809449663,1
20200501,1,0.6896798759809845,1
20200507,1,0.6238408925141596,0
20200508,1,0.6013513513513513,0
20200511,1,0.6471229732027534,0
20200512,1,0.5844477022977024,1
20200513,1,0.6426856338768897,0
20200514,1,0.8497700216450216,0
20200515,1,0.6325524793861949,0
20200518,1,0.5759336954495605,0
20200519,0,0.4977047836363977,0
20200520,1,0.5543587215958212,0
20200521,0,0.46511725543793436,0
20200522,0,0.46847463130158495,0
20200525,1,0.5678708938761745,0
20200526,1,0.602128783905435,0
20200527,1,0.5757470971762907,0
20200528,1,0.522435433285735,0
20200529,0,0.4897438723756249,0
20200601,0,0.49826469255659667,0
20200602,1,0.5517292097225962,0
20200603,0,0.4911770549800214,0
20200604,0,0.49785589985462103,0
20200605,0,0.48936740784577965,1
20200608,0,0.39499146663366824,1
20200609,0,0.3996106535712285,1
20200610,0,0.35903287031608466,1
20200611,1,0.5884114438873287,1
20200612,1,0.5439539505973329,0
20200615,0,0.39016334107948736,0
20200616,1,0.5161878568164807,0
20200617,0,0.3584831831031019,0
20200618,0,0.3325776112660679,0
20200619,0,0.3888582762461917,0
20200622,0,0.37572187027446835,0
20200623,0,0.43899050597861927,0
20200624,0,0.40138290531543463,1
20200625,1,0.6484811481055774,0
20200626,0,0.4307676277813337,0
20200629,1,0.6271690035618558,0
20200630,0,0.3575169356105118,0
20200701,0,0.4734618135500002,0
20200702,0,0.48032220976606277,0
20200703,1,0.6118681352915154,0
20200706,0,0.46833085346376613,0
20200707,0,0.3820580372582739,1
20200708,0,0.4053112327553459,0
20200709,1,0.5496935164644795,0
20200710,1,0.5665798000642223,0
20200713,0,0.47212460535931816,0
20200714,0,0.4953809942041088,0
20200715,1,0.5664586897742591,0
20200716,1,0.6915370309985781,0
20200717,1,0.6075081619629058,0
20200720,0,0.42415932920776733,0
20200721,0,0.4986828491562252,0
20200722,0,0.4156727038559145,0
20200727,0,0.43695092216488673,0
20200728,0,0.3898849141217435,0
20200729,0,0.41956292507428294,0
20200730,0,0.4040916142301883,0
20200731,1,0.6999411349167414,0
20200803,0,0.48659404694412023,0
20200804,0,0.4777319014501613,0
20200805,0,0.43517116303780945,0
20200806,0,0.45443187029200355,0
20200807,0,0.48586903785752333,0
20200811,0,0.4974534953630777,0
20200812,0,0.4642361838096268,0
20200813,0,0.48793759751953986,0
20200814,0,0.4495627109674706,0
20200817,0,0.33321810470567825,0
20200818,0,0.4345566012777826,0
20200819,0,0.3626883609634037,0
20200820,0,0.32107594293408115,0
20200821,0,0.3383086261762933,0
20200824,0,0.2398458209133743,0
20200825,0,0.2125339274002095,1
20200826,0,0.33065537678532164,1
20200827,0,0.24366137563805487,1
20200828,1,0.5303918735668199,0
20200831,0,0.29921691467941025,0
20200901,0,0.27989844998251856,0
20200902,0,0.25090683982902745,0
20200903,0,0.2884127435797096,0
20200904,0,0.487961144602027,0
20200907,0,0.3515757755817475,0
20200908,0,0.27626815363523366,0
20200909,0,0.29996182695192597,0
20200910,0,0.3225817079571955,0
20200911,1,0.5731518054722483,0
20200914,0,0.3385810396595532,0
20200915,0,0.2941678527856871,0
20200916,0,0.3201450232413214,0
20200917,0,0.32390380086593656,0
20200918,0,0.33843552722785153,0
20200923,0,0.4409226005205009,0
20200924,0,0.4486378092377383,0
20200925,0,0.4126080070824316,0
20200928,0,0.2986538498332188,0
20200929,0,0.47166602948049147,0
20200930,0,0.4469933214241031,0
