date,pred,ploba,label
20150113,1,0.5125396807897888,0
20150114,0,0.45496331578036064,0
20150115,1,0.5916569915462827,0
20150116,0,0.48847057245548214,0
20150119,1,0.60317320427312,0
20150120,1,0.5790331980185972,0
20150121,1,0.501176273306545,0
20150122,1,0.5972147762832434,0
20150123,1,0.501176273306545,0
20150126,1,0.5599899103075463,0
20150127,1,0.501176273306545,0
20150128,1,0.5902511040184981,0
20150129,0,0.3147919142936482,0
20150130,0,0.4687804861190781,0
20150202,0,0.4079907290229614,0
20150203,0,0.44493004850087425,0
20150204,0,0.4159166988063135,0
20150205,0,0.44847042343303833,0
20150206,1,0.6686845324809331,0
20150210,0,0.44165917570693886,0
20150212,0,0.16074824316385697,0
20150213,0,0.37842473308554586,0
20150216,0,0.22621237998152535,0
20150217,0,0.4944666496478145,0
20150218,0,0.4872707351310815,0
20150219,0,0.38434877227388164,0
20150220,0,0.35216604296277015,0
20150223,0,0.2524968532753418,0
20150224,0,0.22804722479163778,0
20150225,0,0.21946020391445217,0
20150226,0,0.3476387720128649,0
20150227,0,0.38423959040416034,0
20150302,0,0.3200957771895993,0
20150303,0,0.2956979516171682,0
20150304,0,0.28509474006542807,0
20150305,0,0.48658424067151235,0
20150306,0,0.29297187731823165,0
20150309,0,0.31344243155136475,0
20150310,0,0.3535170974714863,0
20150311,1,0.5527532514685144,0
20150312,0,0.2844897520695352,0
20150313,0,0.3247731121850041,0
20150316,0,0.028572688504808996,0
20150317,0,0.3199025439662095,0
20150318,0,0.15661950240426586,0
20150319,0,0.3714898598408719,0
20150320,0,0.3263327531719857,0
20150323,0,0.06372883876635112,0
20150324,0,0.3741066496587373,0
20150325,0,0.06358413595679437,0
20150326,0,0.19881123754138738,0
20150327,0,0.21710517877908556,0
20150330,0,0.05729541867773962,0
20150331,0,0.34846288300741585,0
20150401,0,0.25445427843493323,0
20150402,0,0.18011045920398147,0
20150403,0,0.37038939811014493,0
20150406,0,0.20251306535702543,0
20150407,0,0.2512548280797821,0
20150408,0,0.3192467612499573,0
20150409,0,0.2993726932216317,0
20150410,1,0.6315019723711314,0
20150413,0,0.44198077638814876,0
20150414,0,0.38180200881821774,0
20150415,0,0.28521901624739127,0
20150416,1,0.6742687743232771,0
20150417,1,0.8026709003659828,0
20150420,1,0.6658180710731592,0
20150421,1,0.7637188638386364,0
20150422,0,0.4802935151699884,0
20150423,1,0.7481532105269593,0
20150424,1,0.6435226007763384,0
20150427,0,0.4320907355824713,0
20150428,1,0.7185162380609813,0
20150430,0,0.4844883390601798,0
20150501,1,0.6154435540931549,0
20150508,1,0.7045712274103444,0
20150511,1,0.5986929497563069,0
20150512,1,0.5312429402209856,0
20150513,0,0.49504042272231485,0
20150514,0,0.19620871524986203,0
20150515,1,0.7072497019705225,0
20150518,1,0.5418553534517735,0
20150519,1,0.8128265881406571,0
20150520,1,0.8930065610763526,0
20150521,1,0.7302892205204851,0
20150522,1,0.6167622995330092,0
20150525,1,0.5205304617973929,0
20150526,1,0.7337968756887582,0
20150527,1,0.5223792266044512,0
20150528,1,0.6362517433468325,0
20150529,1,0.5906639233182563,0
20150601,0,0.49952283551688176,0
20150602,0,0.3305010845827533,0
20150603,0,0.4210958154847251,0
20150604,0,0.4085989936914605,0
20150605,0,0.3981731179641805,0
20150608,1,0.6225644903610145,0
20150609,0,0.4602692503828582,0
20150610,0,0.46610111820757283,0
20150611,0,0.4235358797134976,0
20150612,0,0.4121057186626959,0
20150616,0,0.4813477072689643,0
20150617,0,0.3685526248338579,0
20150618,0,0.39887383863683545,0
20150619,0,0.3426658893226653,0
20150622,0,0.24769153233368435,1
20150623,0,0.32802671996495464,1
20150624,0,0.3969849809499176,1
20150625,0,0.2299780189999871,1
20150626,0,0.3068765734176737,1
20150629,0,0.4575204670741849,0
20150630,0,0.3598758271437324,0
20150701,0,0.31722247425063965,1
20150702,0,0.23579331246889287,1
20150703,0,0.4171626630058786,1
20150706,0,0.4548719580803523,1
20150707,0,0.44470849867095724,1
20150708,0,0.42969454135533763,0
20150709,0,0.44312617950669614,0
20150710,0,0.41714782956033486,0
20150714,1,0.5375119125661988,0
20150715,0,0.3603375642655833,0
20150716,0,0.4378891639481949,0
20150717,1,0.5349447278230632,0
20150721,0,0.4408862246813587,1
20150722,1,0.544710968388933,0
20150723,0,0.446226015880428,0
20150724,0,0.4945422838358562,0
20150727,0,0.45017488891105434,0
20150728,1,0.5540294991650263,0
20150729,1,0.6209905030014433,0
20150730,1,0.5409872685440015,0
20150731,1,0.5948659054784121,0
20150803,0,0.4390054972876663,0
20150804,1,0.5539222230120875,0
20150805,1,0.5678637295499495,0
20150806,1,0.6325385887377116,0
20150807,1,0.601333687471968,0
20150810,1,0.560115361689311,0
20150811,1,0.545131757504241,0
20150812,1,0.5004702740139537,0
20150813,1,0.6054169861169744,0
20150814,1,0.5851177139711424,1
20150818,1,0.5096806110464551,1
20150819,1,0.6335255877899373,1
20150820,1,0.5470486123412602,1
20150821,1,0.5251644434541836,1
20150824,1,0.544306898531647,1
20150825,1,0.5752650642010818,0
20150826,0,0.37130232339397323,0
20150827,1,0.5102600889055284,0
20150828,1,0.5379820728916792,1
20150831,1,0.5850849670834775,1
20150901,0,0.47626247998880367,0
20150902,0,0.34156701065879175,0
20150903,1,0.5236790641206602,1
20150904,1,0.5778570128377525,0
20150907,1,0.5715419536479285,0
20150908,1,0.5126696203265452,0
20150909,0,0.48758768529029944,0
20150910,0,0.42617372669643994,0
20150911,1,0.5536712683323893,0
20150915,1,0.5441919816336547,0
20150916,1,0.5452167726430679,0
20150917,1,0.509468994843503,1
20150918,1,0.5374796381877658,1
20150924,1,0.5009991882690399,1
20150925,1,0.5849702911848794,1
20150928,1,0.5061554170680671,0
20150929,0,0.4944916480790768,0
20150930,0,0.4610267620006515,0
20151001,0,0.45734944252269355,0
20151002,0,0.47618514497341835,0
20151005,1,0.5669279903139067,0
20151006,1,0.5348638908353948,0
20151007,1,0.5639368895832215,0
20151008,1,0.529038125394963,0
20151009,1,0.5059034836119249,0
20151014,0,0.42376689126159234,0
20151015,0,0.48248203550838203,0
20151016,1,0.5877643535996374,0
20151019,0,0.4874718411997847,0
20151020,0,0.4947735637817402,0
20151021,0,0.46667804203754715,0
20151022,0,0.4472344257453723,0
20151023,1,0.5752507983893074,0
20151026,0,0.4727196862241181,0
20151027,1,0.5474761932894535,0
20151028,1,0.5205001870634536,0
20151029,0,0.4920508121037696,0
20151030,1,0.5483637540050174,0
20151102,1,0.589044622295403,0
20151104,1,0.560363518412797,0
20151105,1,0.548394180095997,0
20151106,0,0.40125364738539576,0
20151110,1,0.589047759379055,0
20151111,1,0.5373080124965903,0
20151112,0,0.49128991722252324,0
20151113,1,0.5039370078740157,0
20151116,1,0.5441707431394504,0
20151117,0,0.3580365649880743,0
20151118,1,0.5712775709957991,0
20151119,1,0.5077075256764997,0
20151120,1,0.501031118631862,0
20151124,1,0.5077075256764997,0
20151125,0,0.49769262838936223,0
20151126,0,0.4386724334090324,0
20151127,1,0.5077075256764997,0
20151130,1,0.5557850984781911,0
20151201,1,0.5077075256764997,0
20151202,1,0.5077075256764997,0
20151203,1,0.5480427741006397,0
20151204,1,0.5599232632047524,0
20151207,1,0.6132640409061656,1
20151208,1,0.6050835956703728,1
20151209,1,0.5486840593900695,1
20151210,1,0.6059268374964871,1
20151211,1,0.5744181436548371,1
20151215,0,0.4852341602506204,0
20151216,1,0.531683307951449,0
20151217,1,0.5153846153846153,0
20151218,0,0.4667443635371496,0
20151221,0,0.4190673189601025,0
20151222,0,0.4715177606519298,0
20151224,0,0.4222870778084692,0
20151225,1,0.5359576252865927,0
20151228,1,0.5035463973663913,1
20151229,0,0.4986840966248269,1
20151230,0,0.4854293826205767,1
20160104,0,0.4928349377268977,1
20160105,0,0.48672730021088256,1
20160106,0,0.40980876650703535,1
20160107,0,0.4992689099547083,1
20160108,0,0.463266389159115,1
20160112,0,0.4553197954295008,1
20160113,0,0.4167994951234232,1
20160114,0,0.4800431899356119,1
20160115,1,0.5521722165737243,1
20160118,0,0.4668438524000815,1
20160119,1,0.5210819899757398,1
20160120,0,0.48532439937274435,1
20160121,0,0.4474379278414965,0
20160122,0,0.44966442953020136,0
20160125,1,0.5496666906702077,0
20160126,0,0.48010931540057455,0
20160127,1,0.503755407613968,0
20160128,0,0.41641079996118857,0
20160129,0,0.46135721080287395,1
20160201,1,0.5332840497505488,1
20160202,0,0.4620601191068269,1
20160203,0,0.41865187160146095,1
20160204,1,0.5379146108995235,1
20160205,1,0.579734782341188,1
20160208,0,0.44749286036368935,1
20160209,0,0.4434225729046048,1
20160210,0,0.45480158272559745,1
20160212,0,0.41365515205984804,0
20160216,1,0.525675306718818,0
20160217,0,0.37452671079794514,0
20160218,0,0.448024167426696,0
20160219,0,0.3560079245023836,0
20160222,0,0.3538861597014999,0
20160223,1,0.5133474093724281,0
20160224,0,0.25968248343549805,0
20160225,0,0.40503157587714045,0
20160226,0,0.2560019831401405,0
20160229,0,0.3173315780102902,0
20160301,0,0.3208268138323391,0
20160302,0,0.30208046779509085,0
20160303,0,0.3637137040519004,0
20160304,0,0.331143902729892,0
20160307,0,0.2850650248337153,0
20160308,0,0.4183895884689766,0
20160309,0,0.4158864399828827,0
20160310,0,0.34113432451398923,0
20160311,0,0.22958279213012753,0
20160314,0,0.28626059546535737,0
20160315,0,0.470345635671573,0
20160316,0,0.34465119323687343,0
20160317,0,0.12383652117993663,0
20160318,0,0.3650160633810944,0
20160322,0,0.3203557045915099,0
20160323,0,0.38319202736955443,0
20160324,0,0.23099978186757122,0
20160325,0,0.31783962991992964,1
20160328,0,0.3479451248031357,0
20160329,0,0.38051590032424276,1
20160330,0,0.45397883568350583,1
20160331,0,0.30390123506630107,1
20160401,0,0.33342619508775245,0
20160404,0,0.48719848002618255,0
20160405,0,0.44662617640845287,0
20160406,1,0.6051582182373885,0
20160407,1,0.5263084009691735,0
20160408,1,0.5070415775546689,0
20160412,0,0.48930423035568577,1
20160413,1,0.6022194167647706,1
20160414,0,0.3640654374911024,1
20160415,0,0.3479279764034915,1
20160418,0,0.47590758182127846,0
20160419,0,0.4036829051725575,0
20160420,0,0.3375605954831834,0
20160421,0,0.42355074771128864,0
20160422,0,0.39591969613833533,0
20160425,0,0.38988896069995777,0
20160426,0,0.29113030778842824,0
20160427,0,0.47830659992209595,0
20160428,0,0.37408708057763235,1
20160502,0,0.34378687714233014,0
20160509,0,0.4233984155063326,0
20160510,0,0.3692242275422787,0
20160511,0,0.41405466833402976,0
20160512,0,0.38391503789425185,0
20160513,0,0.38491992582336004,0
20160516,0,0.3756857543184439,0
20160517,1,0.5349112770332406,0
20160518,0,0.39218826720432237,0
20160519,0,0.42944525901699143,0
20160520,0,0.42944525901699143,0
20160523,0,0.42944525901699143,0
20160524,0,0.42944525901699143,0
20160525,0,0.4601162601159416,0
20160526,0,0.49312825783692565,0
20160527,0,0.45663222773307965,0
20160530,0,0.39982990606508,0
20160531,0,0.41972895740962846,0
20160601,0,0.37559503919577725,0
20160602,0,0.4444532247547825,0
20160603,0,0.41463279939089104,0
20160606,1,0.5748624509299965,1
20160607,0,0.46098584233459544,1
20160608,1,0.5655182427211098,1
20160609,1,0.5976800249170199,1
20160610,1,0.6741703875289666,1
20160614,0,0.4208957462118642,0
20160615,0,0.4276552913843065,0
20160616,0,0.41571209808895665,0
20160617,0,0.3960920925757137,1
20160620,0,0.27512747492050454,1
20160621,0,0.4319097650736515,1
20160622,0,0.4286931856936164,1
20160623,0,0.417703227617466,1
20160624,0,0.4254812536860891,0
20160627,0,0.46540434347497533,0
20160628,0,0.37632543097797494,0
20160629,1,0.5457228041590423,0
20160630,0,0.3597055172294644,0
20160701,0,0.4047671931797481,0
20160704,0,0.36957817307478047,1
20160705,0,0.4382631684876839,0
20160706,1,0.5677522754805029,0
20160707,1,0.6918656112129289,0
20160708,1,0.5467140668013503,0
20160711,1,0.6047080496840865,0
20160712,1,0.6070570745359244,0
20160713,0,0.3715389202444126,0
20160714,0,0.45365605009894694,0
20160715,0,0.4285653303189883,0
20160720,0,0.4278014618693007,0
20160721,0,0.3864545710224652,0
20160722,0,0.4419528390811966,0
20160725,0,0.4369597869928279,0
20160726,0,0.4893995753246087,0
20160727,0,0.41105729324537943,0
20160728,0,0.46829198083400503,0
20160729,1,0.5445367148668564,0
20160801,0,0.48641616072856747,0
20160802,0,0.48641616072856764,0
20160803,0,0.46604847651065096,0
20160804,1,0.5253749658057644,0
20160805,0,0.48641616072856747,0
20160808,0,0.48641616072856747,0
20160809,0,0.48641616072856747,0
20160810,1,0.5464734243655417,0
20160812,0,0.4343162750532604,0
20160815,0,0.48972695765298335,0
20160816,0,0.4267424203072298,0
20160817,1,0.6203599235756021,0
20160818,1,0.6529726391325629,0
20160819,1,0.5767797612662463,0
20160822,1,0.5186506129488951,0
20160823,0,0.4423256751234166,0
20160824,1,0.5146054847530739,0
20160825,0,0.39929225781332517,0
20160826,0,0.4621220395874148,0
20160829,0,0.3165024234860473,0
20160830,0,0.37708889752363656,0
20160831,0,0.4691089909826232,0
20160901,0,0.47614292630227933,0
20160902,0,0.4472924728104453,0
20160905,0,0.4267553892181039,0
20160906,0,0.45145028835745166,0
20160907,0,0.2903032677098353,0
20160908,1,0.5481400448179987,0
20160909,0,0.4400144125811617,1
20160913,0,0.4843498015351955,0
20160914,0,0.42081150086184865,0
20160915,0,0.4821420826904556,0
20160916,0,0.36322431721961795,0
20160920,0,0.39867200696917937,0
20160921,0,0.2601399886510097,0
20160923,0,0.35090768308568304,0
20160926,1,0.6715431524202194,0
20160927,0,0.45716243875538626,0
20160928,1,0.5107187814341709,0
20160929,1,0.5288655617038002,0
20160930,0,0.3870601745862519,0
20161003,0,0.41674472527309375,0
20161004,0,0.30128559953677503,0
20161005,0,0.17279647377515545,0
20161006,0,0.48989168852985193,0
20161007,0,0.4997698545240809,0
20161012,1,0.7070840004827952,0
20161013,0,0.35202753258832203,0
20161014,0,0.45140536790111924,0
20161017,1,0.5021285487005457,0
20161018,1,0.5235185375886494,0
20161019,0,0.4181532412715131,0
20161020,0,0.4590201940177296,0
20161021,1,0.5323220947502795,0
20161024,1,0.500040925187422,0
20161025,0,0.44396886532179636,0
20161026,0,0.42770590567424355,1
20161027,0,0.45456387853665764,1
20161028,1,0.5630258857299295,1
20161031,0,0.4438901779874497,1
20161101,1,0.5489114375870318,1
20161102,0,0.394614529791563,1
20161104,0,0.3484529737364488,0
20161107,0,0.3777710943059641,1
20161108,0,0.35761376278717444,1
20161109,0,0.4704784023693049,0
20161110,0,0.48702199036116695,0
20161111,1,0.7007924702122625,0
20161115,0,0.42196094334248146,0
20161116,0,0.3555373376721923,0
20161117,0,0.44638696255898586,0
20161118,1,0.6079524507248588,0
20161121,0,0.4247734458367977,0
20161122,0,0.3844160081301375,0
20161124,0,0.34021451500919464,0
20161125,0,0.4154901761227648,0
20161128,0,0.4268538473661016,0
20161129,0,0.46442571776892,0
20161130,0,0.3888813362050944,0
20161201,0,0.41530315256401007,0
20161202,0,0.46229820857811,0
20161205,0,0.4450810356262713,0
20161206,1,0.5143329137682184,0
20161207,1,0.5820420423040179,0
20161208,0,0.3854761733027681,0
20161209,1,0.5236500754695028,0
20161213,0,0.4838625066629275,0
20161214,1,0.5460743338911594,0
20161215,1,0.5494911662866663,0
20161216,1,0.582331239210673,0
20161219,0,0.39076665332900223,0
20161220,0,0.49702109846624104,0
20161221,0,0.448300443589268,0
20161222,0,0.26301503701726386,1
20161226,0,0.4771489578064996,0
20161227,0,0.2897808173451234,0
20161228,0,0.47880544109072126,0
20161229,0,0.444652296897376,0
20161230,0,0.4686703097719919,0
20170104,1,0.5396285099340947,0
20170105,0,0.4977883843657391,0
20170106,0,0.45075495404143034,0
20170110,0,0.38756494143053816,0
20170111,0,0.3054817486744823,0
20170112,1,0.5917733977968446,0
20170113,1,0.5125631436461748,0
20170116,1,0.5401055727967985,0
20170117,0,0.41815864453303475,0
20170118,0,0.26346020907434076,0
20170119,1,0.5098110260945766,0
20170120,0,0.4991242521868937,0
20170123,1,0.5651453876565475,0
20170124,1,0.5576466666457977,0
20170125,0,0.4490477649869474,0
20170126,0,0.2401363039498815,0
20170127,1,0.5724127024495239,0
20170130,1,0.5862810530689393,0
20170131,0,0.40377461349913224,0
20170201,0,0.3817780554687102,0
20170202,0,0.3400449192914767,0
20170203,1,0.7121441981224584,0
20170206,1,0.6658793037598946,0
20170207,1,0.5006042211573936,0
20170208,1,0.5386919753439594,0
20170209,0,0.37904497007503185,0
20170210,0,0.443182595236996,0
20170214,0,0.4323222203537132,0
20170215,0,0.35052593548947514,0
20170216,0,0.4308616412561848,0
20170217,0,0.37900311792856506,0
20170220,0,0.39247273416729395,0
20170221,1,0.5650129837945156,0
20170222,0,0.4798655508991113,0
20170223,0,0.2845942244647779,0
20170224,0,0.48567260158151243,0
20170227,0,0.30541507977861476,0
20170228,0,0.17156570524370932,0
20170301,0,0.2727452059371955,0
20170302,0,0.3097932652747633,0
20170303,0,0.35936876854261907,0
20170306,0,0.40339719683571623,0
20170307,0,0.4886183112450589,0
20170308,1,0.5458245019555292,0
20170309,1,0.504304680845149,0
20170310,0,0.3769305859713292,0
20170313,1,0.5259523690855097,0
20170314,0,0.4606492015917721,0
20170315,0,0.36871462015277195,0
20170316,0,0.39503902547615904,1
20170317,0,0.43375651276596405,1
20170321,0,0.4378014253127003,1
20170322,0,0.4519664681154638,0
20170323,0,0.22888767014716957,0
20170324,0,0.2951162183587946,0
20170327,0,0.26313017768857605,0
20170328,0,0.29352240876031366,0
20170329,0,0.47383683380853664,0
20170330,0,0.44110685868463806,0
20170331,0,0.26640738758138416,0
20170403,0,0.36031257275030876,0
20170404,0,0.47744411462498776,0
20170405,0,0.4405799769178995,1
20170406,1,0.549326490327168,0
20170407,0,0.4332673630404553,0
20170411,1,0.6148904365646035,0
20170412,1,0.5159077724039108,0
20170413,0,0.47528885269127324,0
20170414,0,0.4313810356785298,0
20170417,1,0.5016676061028046,0
20170418,0,0.3689897794277225,0
20170419,0,0.455824253260052,0
20170420,0,0.45620916085772284,0
20170421,1,0.5383504696540277,0
20170424,0,0.4578103818923531,0
20170425,0,0.38692472401969125,0
20170426,0,0.45771605435727214,0
20170427,0,0.40109841906950155,0
20170428,1,0.5561489574206696,0
20170501,0,0.3132410824184497,0
20170502,0,0.47993952472116896,0
20170509,0,0.4610488206478951,0
20170510,0,0.4854308691495119,0
20170511,1,0.6194003446527687,0
20170512,0,0.4960233160694321,0
20170515,0,0.4139775610554517,0
20170516,0,0.37313878985890264,0
20170517,0,0.3428978022666276,0
20170518,0,0.4897425769878603,0
20170519,1,0.6395609905751609,0
20170522,1,0.5137657434935077,0
20170523,1,0.5199227202947689,0
20170524,1,0.6719365545801445,0
20170525,0,0.4443743012442838,0
20170526,0,0.36126427499524083,0
20170529,0,0.4972143092629391,0
20170530,0,0.39338596894457856,0
20170531,0,0.47288436063834177,0
20170601,1,0.5082819367434626,0
20170602,1,0.5480238796617517,0
20170605,0,0.38415033103672974,0
20170606,0,0.4774623008316692,0
20170607,1,0.5133309285083912,0
20170608,0,0.4628691647645619,0
20170609,1,0.5024626532722984,0
20170613,0,0.3942646539392237,0
20170614,1,0.556854583389432,0
20170615,0,0.46783792242668976,0
20170616,1,0.5189665984144237,0
20170619,1,0.566101701530652,0
20170620,0,0.42237460804813565,0
20170621,1,0.5245333599185534,0
20170622,1,0.5865937598851962,0
20170623,0,0.4671758603076927,0
20170626,1,0.5047426168545832,0
20170627,0,0.3785176648779977,0
20170628,0,0.4426850030376554,0
20170629,1,0.5596449578655259,0
20170630,1,0.761028556308721,0
20170703,1,0.5096349478839802,0
20170704,1,0.5709002266255727,0
20170705,1,0.5144004846409376,0
20170706,1,0.548338407645488,0
20170707,1,0.6455284566809953,0
20170710,0,0.4968780593834502,0
20170711,0,0.43849252259069155,0
20170712,1,0.5071182217935705,0
20170713,1,0.5514311989938575,0
20170714,1,0.5410334913906214,0
20170719,1,0.5000183754586562,0
20170720,0,0.4573826687128327,0
20170721,0,0.367279977860692,0
20170724,1,0.5119491150160155,0
20170725,1,0.5049023090456052,0
20170726,0,0.44187728340912125,0
20170727,1,0.5474442843456327,0
20170728,1,0.5424099079961726,0
20170731,0,0.4987129450031914,0
20170801,0,0.48669651539818487,0
20170802,0,0.3931685105602287,1
20170803,0,0.4066253919095617,1
20170804,0,0.47770782315663335,1
20170807,1,0.5735848766399563,1
20170808,1,0.5861583723828915,1
20170809,1,0.6167338143402066,0
20170810,1,0.5200595582379569,0
20170814,0,0.43584297475991773,0
20170815,1,0.5978625057896344,0
20170816,0,0.42152590874451934,0
20170817,1,0.5462779027592816,0
20170818,0,0.4922435062968515,0
20170821,0,0.4574496476218674,0
20170822,1,0.5260820357347451,0
20170823,1,0.5456206493088845,0
20170824,1,0.5701266534106746,0
20170825,1,0.7009570499654472,0
20170828,1,0.5814812655663588,0
20170829,1,0.5185712012013324,0
20170830,0,0.44657395168474634,0
20170831,0,0.48785592553317053,0
20170901,0,0.45086681427271474,1
20170904,0,0.4815962007790458,0
20170905,1,0.5685359094422353,0
20170906,0,0.4564517737921213,0
20170907,1,0.5552115802115264,0
20170908,0,0.45597959014504974,0
20170912,0,0.4918553697319975,0
20170913,0,0.4962092836494785,0
20170914,0,0.41315786209457966,0
20170915,1,0.5195565823570194,0
20170919,0,0.4886644917876986,0
20170920,0,0.45743491913385226,0
20170921,0,0.46057293695460594,0
20170922,1,0.5455609919937994,0
20170925,1,0.5227061675751112,0
20170926,0,0.4878507212592196,0
20170927,0,0.487821656827479,0
20170928,0,0.45113665991825197,0
20170929,1,0.5638756900059506,0
20171002,0,0.4448621440319145,0
20171003,0,0.3146165008610835,0
20171004,1,0.541430483676212,0
20171005,1,0.5189083915897844,0
20171006,1,0.5416746112979445,0
20171011,1,0.6017114433777877,0
20171012,1,0.51494071310996,0
20171013,1,0.6390292057430538,0
20171016,1,0.5233482501496329,0
20171017,1,0.6873690396331177,0
20171018,0,0.49761738165626973,0
20171019,1,0.6482711451544223,0
20171020,1,0.620005581147935,0
20171023,1,0.6348690824382417,0
20171024,1,0.6578223489286796,0
20171025,1,0.6160947791080983,0
20171026,1,0.6530860344933205,0
20171027,1,0.6878123572508389,0
20171030,1,0.5070029999247334,0
20171031,0,0.4672342856795068,0
20171101,1,0.5311551642138825,1
20171102,1,0.5236285672421366,1
20171106,0,0.2029387430667946,1
20171107,1,0.534442299464882,1
20171108,1,0.6094781248511862,1
20171109,1,0.7009018477669068,0
20171110,1,0.638154063543686,0
20171114,1,0.6055563811364763,0
20171115,1,0.6409476439691271,0
20171116,1,0.6508618623337428,0
20171117,1,0.6517457495411263,0
20171120,1,0.6441403922003522,0
20171121,1,0.5943143831487215,0
20171122,1,0.5963297856794838,0
20171124,1,0.599232953394527,0
20171127,1,0.6601260887195506,0
20171128,0,0.45494587019587057,0
20171129,0,0.4799941558512259,0
20171130,0,0.3872869456942472,0
20171201,1,0.565991949058799,0
20171204,0,0.42338976045741183,0
20171205,0,0.3977749411636846,0
20171206,1,0.5542165762138898,0
20171207,1,0.5465233598799406,0
20171208,1,0.6426168886156998,0
20171212,1,0.6290538373377607,0
20171213,0,0.43368603543616097,0
20171214,1,0.5658508204734899,0
20171215,1,0.650695289756562,0
20171218,1,0.5535347156117156,0
20171219,1,0.5472093327268719,0
20171220,1,0.5539853194160073,0
20171221,1,0.5238779243703812,0
20171222,0,0.46159318794977483,0
20171225,0,0.3494073366345873,0
20171226,1,0.5204517102433347,0
20171227,0,0.452926202264179,0
20171228,1,0.5550624211401666,0
20171229,1,0.5072453270305576,0
20180104,0,0.40577764996068905,0
20180105,1,0.5651231344745774,0
20180109,1,0.6163494216428725,0
20180110,1,0.6353132590375208,0
20180111,1,0.5378812847157192,0
20180112,0,0.49037290756302815,0
20180115,0,0.49132344666837824,0
20180116,1,0.5837822839870916,0
20180117,0,0.4933041156181883,0
20180118,1,0.6153773605937215,0
20180119,1,0.5587944518244463,0
20180122,1,0.5388808991885589,0
20180123,1,0.5325246497809113,0
20180124,1,0.5824347566377776,0
20180125,0,0.49953707592960384,0
20180126,1,0.5293297463046539,0
20180129,1,0.581045056809481,1
20180130,1,0.5777493844013296,1
20180131,1,0.586096461446787,1
20180201,1,0.6131487362748903,1
20180202,1,0.5720461909193347,1
20180206,1,0.5797485124819548,1
20180207,1,0.7046294288783798,1
20180208,1,0.6242452200397085,1
20180209,1,0.6638865672136638,0
20180213,1,0.5856662531427828,0
20180214,1,0.5956443154573492,0
20180215,1,0.6763866112798974,0
20180216,1,0.5399923330084437,0
20180219,1,0.6220979484053103,0
20180220,1,0.6051945744006887,0
20180221,1,0.6482443352120156,0
20180222,1,0.6791663678823998,0
20180223,1,0.6214490255658789,1
20180226,0,0.44140743432650387,1
20180227,1,0.7451180774077361,1
20180228,1,0.5461112084729819,1
20180301,0,0.4832387057444869,1
20180302,0,0.47092843280250224,0
20180305,1,0.5658071717723054,0
20180306,0,0.46772440375148433,0
20180307,1,0.6733089980510648,0
20180308,1,0.6397681414410326,0
20180309,1,0.5445205157233036,0
20180312,1,0.501834993026801,0
20180313,0,0.45534487087168235,0
20180314,1,0.5369226967149313,0
20180315,1,0.5512051879512379,1
20180316,1,0.665900070599832,1
20180319,0,0.48944349210333565,1
20180320,1,0.6281117193147717,1
20180322,1,0.5440346597079253,1
20180323,1,0.7101232436642582,0
20180326,1,0.5450222665543112,0
20180327,1,0.5548371811612279,0
20180328,1,0.5439665843867344,0
20180329,1,0.616603398560356,0
20180330,1,0.5798662550602701,0
20180402,1,0.5657944594224337,0
20180403,1,0.5126778602256928,0
20180404,1,0.5742604527725373,0
20180405,1,0.5060939656437518,0
20180406,1,0.5292131978941373,0
20180410,1,0.5146356004079393,0
20180411,1,0.5340405652653241,0
20180412,1,0.5382851306570301,0
20180413,1,0.5200889867966311,0
20180416,1,0.6573033140827602,0
20180417,1,0.624820173971073,0
20180418,1,0.5285472056355691,0
20180419,1,0.550421921572206,0
20180420,1,0.5301679137021941,0
20180423,1,0.5400782109712546,0
20180424,1,0.5957977401444765,0
20180425,0,0.4746695800341911,0
20180426,0,0.49911264584372395,0
20180427,0,0.4495710621456325,0
20180501,1,0.6935931902776596,0
20180502,1,0.6137142741388955,0
20180508,0,0.4728549815512278,0
20180509,1,0.5613770775557145,0
20180510,1,0.546875,0
20180511,1,0.5477463734510027,0
20180514,0,0.44205345142694147,0
20180515,1,0.5175979877074565,0
20180516,1,0.5249194582948346,0
20180517,0,0.43312485155959696,0
20180518,1,0.5488264505760484,0
20180521,0,0.4617969513473259,0
20180522,1,0.5686694915413072,0
20180523,0,0.4100751067311336,0
20180524,1,0.5022225065273395,0
20180525,1,0.5915089653878811,0
20180528,0,0.4803526692959279,1
20180529,1,0.6303621077826513,0
20180530,1,0.5704874515461037,0
20180531,1,0.5919908314659269,0
20180601,1,0.6160939559923407,0
20180604,1,0.6080457595273954,0
20180605,1,0.5152458620861629,0
20180606,1,0.5734263945019019,0
20180607,0,0.4256631388090103,0
20180608,1,0.5161444720584715,0
20180612,1,0.5650249853669361,1
20180613,1,0.5811119066683258,1
20180614,0,0.4455195141627788,1
20180615,0,0.4638637011077645,1
20180618,1,0.6092956098700553,1
20180619,1,0.6153811435769402,0
20180620,0,0.4964020621373139,0
20180621,1,0.6154823384717047,0
20180622,1,0.6242612595602469,0
20180625,0,0.4956445825942413,1
20180626,1,0.5179147502361148,1
20180627,1,0.5730508436729506,1
20180628,0,0.47899220355037697,0
20180629,1,0.5065370578099745,1
20180702,1,0.5177978662884707,0
20180703,1,0.6453853854307199,0
20180704,1,0.5917989569572328,0
20180705,1,0.5900819823593307,0
20180706,1,0.5363130414159903,0
20180710,0,0.46609875655984434,0
20180711,0,0.4720361358866037,0
20180712,1,0.5464810504774971,0
20180713,0,0.42925894886610844,0
20180717,0,0.42847645506337406,0
20180718,0,0.4111107200635564,0
20180719,0,0.4594414997648651,0
20180720,1,0.5297472272567214,0
20180723,0,0.43776748333089693,0
20180724,0,0.3887427092894386,0
20180725,0,0.49728878464232,0
20180726,1,0.6016563367031752,0
20180727,1,0.5241296420614479,0
20180730,1,0.5176211633049079,0
20180731,0,0.42544605257028995,0
20180801,0,0.4915297671777886,0
20180802,0,0.4166311752131393,0
20180803,0,0.38505539241002573,0
20180806,1,0.5610295239960539,0
20180807,1,0.5481840489892158,1
20180808,0,0.25651448994475723,1
20180809,1,0.5752848741247147,1
20180810,1,0.6102643417374531,0
20180814,1,0.6202581997099897,0
20180815,1,0.578945201523575,0
20180816,1,0.5763311518626897,0
20180817,0,0.4704462159270137,0
20180820,1,0.5715480541850964,0
20180821,0,0.4230250108965735,0
20180822,0,0.4141323100155668,0
20180823,0,0.46278839196548527,0
20180824,0,0.4502995335589522,0
20180827,0,0.4630323494375145,0
20180828,0,0.29896401772327746,0
20180829,0,0.4464125237470224,0
20180830,1,0.5538155373765034,0
20180831,1,0.5462349221777063,0
20180903,1,0.5513587231480275,0
20180904,1,0.6034119332508612,0
20180905,1,0.5440076109308638,0
20180906,1,0.7582113255557843,0
20180907,1,0.7843030188922454,0
20180911,1,0.742726478235583,0
20180912,1,0.5030917507427635,0
20180913,0,0.3198546926554126,0
20180914,1,0.5725085389761186,0
20180918,0,0.27454246795758663,0
20180919,1,0.5607470421712937,0
20180920,1,0.5662406346498332,0
20180921,0,0.41809456607526313,0
20180925,0,0.4928367211182268,0
20180926,1,0.651362643981589,0
20180927,1,0.5160421698427017,0
20180928,1,0.5295344006400758,0
20181001,1,0.5459742436631981,0
20181002,1,0.6867173460717864,0
20181003,0,0.4046566409663078,1
20181004,1,0.6304689168233696,1
20181005,1,0.8325360823811552,1
20181010,1,0.7573913495715846,1
20181011,1,0.5579290188031363,0
20181012,0,0.4450929534315293,0
20181015,1,0.5717631245887802,0
20181016,0,0.4608296668589993,0
20181017,0,0.47669080251826984,1
20181018,0,0.4682543399225827,1
20181019,0,0.45913612032876283,1
20181022,0,0.43469473987727125,1
20181023,0,0.4328387344604864,0
20181024,0,0.49261203772187356,1
20181025,0,0.3347737001906355,0
20181026,0,0.4273215696233054,0
20181029,0,0.28987825081921453,0
20181030,0,0.39923276653350515,0
20181031,0,0.3811805662213223,0
20181101,1,0.5500274475258312,0
20181102,1,0.7290115464902289,0
20181105,1,0.5009648606183301,0
20181106,1,0.6741214942326221,0
20181107,1,0.5725002295558312,0
20181108,0,0.4988526194228336,0
20181109,0,0.35808854140120455,0
20181113,1,0.7997596853603525,0
20181114,1,0.8771686913650547,0
20181115,1,0.6563978876123625,0
20181116,1,0.7302045796053609,0
20181119,0,0.4994828558701294,0
20181120,1,0.5897104996139481,0
20181121,0,0.30378401331706323,0
20181122,0,0.29025708955001167,0
20181126,0,0.43419636222050273,0
20181127,0,0.176661441427686,0
20181128,0,0.17863325387537002,0
20181129,0,0.46546182489868965,0
20181130,1,0.79186550311048,0
20181203,0,0.40395639121871385,1
20181204,0,0.44906135990566337,1
20181205,0,0.2174126867785845,1
20181206,0,0.41147103340768015,0
20181207,0,0.4883215309924301,0
20181211,1,0.5704609622249063,0
20181212,1,0.5472867644205941,0
20181213,0,0.3361155994374966,1
20181214,1,0.5482065309833981,1
20181217,0,0.3927423617023002,1
20181218,0,0.44608117199938646,1
20181219,0,0.46137430971364873,1
20181220,1,0.6252128361724996,1
20181221,0,0.4825567190582684,1
20181225,0,0.4291275814934331,0
20181226,1,0.5486636280159365,0
20181227,0,0.4728378721537866,0
20181228,0,0.49735870654931524,0
20190104,1,0.617820152334749,0
20190107,0,0.44491036939398126,0
20190108,1,0.5083056478405316,0
20190109,1,0.5755087317846661,0
20190110,1,0.5135596918795317,0
20190111,0,0.4909711116644094,0
20190115,0,0.30585664093943987,0
20190116,1,0.5666198328048395,0
20190117,1,0.5478516196769423,0
20190118,0,0.3265915076643865,0
20190121,0,0.42918759825837577,0
20190122,0,0.4542371022818307,0
20190123,1,0.5279785551177059,0
20190124,0,0.46092043725883425,0
20190125,0,0.4654946064529486,0
20190128,0,0.4474839763430246,0
20190129,0,0.4951456085748689,0
20190130,1,0.5626406402073694,0
20190131,0,0.47018076388565316,0
20190201,0,0.387480200257734,0
20190204,0,0.4958072663441668,0
20190205,1,0.6103267900424969,0
20190206,1,0.6272009794597957,0
20190207,1,0.6126615188141227,0
20190208,1,0.5710671766241503,0
20190213,0,0.48586539745825114,0
20190214,0,0.42882721458613104,0
20190215,0,0.47466400928205527,0
20190218,0,0.38896561182501704,0
20190219,1,0.5787490717021359,0
20190220,1,0.695238051855218,0
20190221,0,0.37461957520935957,0
20190222,0,0.3885931058332178,0
20190225,0,0.20782404811959762,0
20190226,0,0.3356968812449637,0
20190227,0,0.2599899692933183,0
20190228,0,0.24191313217715452,0
20190301,0,0.43664609554642897,0
20190305,0,0.399602505670794,0
20190306,0,0.37006795728535036,0
20190307,0,0.1785107922617867,0
20190308,0,0.4371307846597098,0
20190311,0,0.4452742488881206,0
20190312,0,0.3918468566883179,0
20190313,1,0.5051254368346194,0
20190314,0,0.4087172247622277,0
20190315,1,0.6377867987044369,0
20190318,1,0.5676499800176286,1
20190319,0,0.42672543439713484,1
20190320,1,0.5453489904666394,1
20190322,0,0.40769912085873766,1
20190325,1,0.6152094829426336,0
20190326,0,0.21830354396903412,0
20190327,1,0.6062097293974215,0
20190328,1,0.6611664025412483,0
20190329,0,0.23228670851660066,0
20190401,1,0.5071634470023199,0
20190402,1,0.6253114278827748,0
20190403,1,0.5559059369440159,0
20190404,1,0.5128843045284429,0
20190405,0,0.4613073603339962,0
20190408,1,0.5465514782287723,0
20190409,1,0.7380643140341012,0
20190410,1,0.5426128179382228,0
20190411,1,0.5387008808896271,0
20190412,0,0.3602503029410951,0
20190416,1,0.6954525249702972,0
20190417,1,0.5908764486583017,0
20190418,1,0.5432652666257869,0
20190419,0,0.2746667829558771,0
20190422,1,0.5645274753900034,1
20190423,1,0.7822657897351524,1
20190424,1,0.6137606896965628,1
20190425,1,0.6250162296400359,1
20190426,0,0.2870031303325296,1
20190508,0,0.4619845002256303,0
20190509,0,0.4530347044064003,0
20190510,1,0.5569423193025136,0
20190513,1,0.5858030979578175,0
20190514,1,0.7094175602165164,0
20190515,0,0.3631414893332295,0
20190516,0,0.2672819666896744,0
20190517,0,0.2723798057099503,0
20190520,0,0.3554210068076624,0
20190521,0,0.4913297870429356,0
20190522,0,0.4230168117310803,0
20190523,0,0.35809895570402156,0
20190524,0,0.34653695613706265,0
20190527,0,0.4429888642882963,0
20190528,0,0.45003672823738833,0
20190529,1,0.5193543240621372,0
20190530,0,0.4745225003120616,0
20190531,1,0.5609951233885949,0
20190603,0,0.4710132810220202,0
20190604,1,0.5546763729279236,0
20190605,0,0.3118649303767694,0
20190606,0,0.49690301788123065,0
20190607,1,0.620417112848672,0
20190611,0,0.3162687419727598,0
20190612,0,0.40607282680467566,0
20190613,1,0.5511676213267195,0
20190614,1,0.7548501482343153,0
20190617,1,0.7158818717321155,0
20190618,1,0.5765090666742384,0
20190619,0,0.4659509208808237,0
20190620,1,0.5608285728231583,0
20190621,0,0.48239296077784233,0
20190624,1,0.6341098507799419,0
20190625,1,0.7512748048313227,0
20190626,0,0.3994532846839355,0
20190627,0,0.4942789195092933,0
20190628,0,0.3549224804667591,0
20190701,0,0.34304278176250685,0
20190702,1,0.6744047571438331,0
20190703,0,0.37630084933841795,0
20190704,1,0.5552110801793968,0
20190705,0,0.46000400371135497,0
20190708,1,0.5086293819903963,0
20190709,1,0.5259180145579857,0
20190710,1,0.6662431716969801,0
20190711,1,0.7362001824926773,0
20190712,1,0.670622260948064,0
20190717,1,0.5931328090877688,0
20190718,0,0.4926969943031821,0
20190719,0,0.34019373927051905,0
20190722,0,0.4102782046713447,0
20190723,0,0.4729658552788607,0
20190724,1,0.564741083344962,0
20190725,0,0.4364775331505461,0
20190726,0,0.3779588892577014,0
20190729,0,0.3870983432936652,1
20190730,1,0.6513067995719528,1
20190731,1,0.567216288063099,1
20190801,1,0.5946543170300888,1
20190802,1,0.5660616961513689,1
20190805,1,0.5769759546512845,0
20190806,0,0.44528151683330236,0
20190807,1,0.5329885067967249,0
20190808,1,0.5192280941193463,0
20190809,0,0.48743084938158837,0
20190814,1,0.500262448031076,0
20190815,0,0.4175036400866355,0
20190816,0,0.33480256060010666,0
20190819,0,0.3991005889625084,0
20190820,0,0.304717596810742,0
20190821,0,0.43529776711798657,0
20190822,0,0.455696600794048,0
20190823,0,0.4954232648655071,1
20190826,1,0.5413467129669444,0
20190827,1,0.5610008018190219,0
20190828,1,0.532933332352129,0
20190829,0,0.4594434873293005,0
20190830,1,0.5574535577251554,0
20190902,1,0.5153447594989706,0
20190903,1,0.5449035326124948,0
20190904,0,0.4888798503178227,0
20190905,0,0.3909708625878731,0
20190906,1,0.648327037996466,0
20190910,1,0.5632649881267776,0
20190911,0,0.4652374704315945,0
20190912,0,0.48437614213427155,0
20190913,0,0.4396145211052307,0
20190917,0,0.41430784585219116,0
20190918,1,0.5298490039260948,0
20190919,0,0.43639637950730964,0
20190920,1,0.5713420889634792,0
20190924,0,0.47179536549213374,0
20190925,0,0.37381760743398795,0
20190926,0,0.4973951913501794,0
20190927,0,0.3735897783851944,0
20190930,1,0.5590651017128481,0
20191001,0,0.3793242316830165,0
20191002,1,0.5942177039697387,0
20191003,1,0.6182084106218757,0
20191004,0,0.4576616915322764,0
20191007,1,0.5850725247177927,0
20191008,0,0.40689692399881033,0
20191009,1,0.6495831124467886,0
20191010,0,0.4785486824278749,0
20191011,1,0.5043543350115967,0
20191016,1,0.566712318433442,0
20191017,1,0.6676446321834766,0
20191018,0,0.4437337981803681,0
20191021,0,0.4220609663121232,0
20191023,0,0.3400287466023017,0
20191024,0,0.2812341984726808,0
20191025,0,0.26967782425935694,0
20191028,0,0.3400287466023017,0
20191029,0,0.3400287466023017,0
20191030,0,0.27174487663170965,0
20191031,1,0.5019331635900364,0
20191101,1,0.5775936444545378,0
20191105,0,0.4887442483949937,0
20191106,1,0.5093705238599773,0
20191107,0,0.4773416630811509,0
20191108,1,0.5455521406115961,0
20191112,0,0.46072317954390657,0
20191113,1,0.5911795159187355,0
20191114,1,0.5871209519398185,0
20191115,1,0.5319536936691207,0
20191118,0,0.4466213224185663,0
20191119,1,0.520308334129185,0
20191120,0,0.4502919359586916,0
20191121,0,0.3969907248432824,0
20191122,1,0.6142426825125756,0
20191125,0,0.4344564869169663,0
20191126,0,0.39198230686477403,0
20191127,0,0.3723611102281169,0
20191128,0,0.4314287214180668,0
20191129,0,0.4854626833846994,0
20191202,0,0.458715897814215,0
20191203,1,0.6180947822875187,0
20191204,0,0.4983270591923608,0
20191205,1,0.6907259048768405,0
20191206,0,0.39355385821299954,0
20191210,0,0.45872024853930965,0
20191211,0,0.37501531624866746,0
20191212,0,0.299194855591194,0
20191213,1,0.5232073660538773,0
20191216,1,0.6259850416117726,0
20191217,0,0.3839870479707377,0
20191218,0,0.3269420848246033,0
20191219,1,0.5713543404263285,0
20191220,1,0.5056676193010394,0
20191223,0,0.47509663642999506,0
20191224,1,0.5335966819456506,0
20191225,1,0.5049974092188265,0
20191226,1,0.533467929448971,1
20191227,0,0.4860191093001566,1
20191230,1,0.520456618568764,0
20200106,0,0.4306229110984184,0
20200107,1,0.5164480826080311,0
20200108,1,0.5062491771479904,0
20200109,1,0.5811217972467213,0
20200110,0,0.49232767455031173,0
20200114,1,0.6129970179152818,0
20200115,0,0.40552850432251186,0
20200116,1,0.5965997916466402,0
20200117,1,0.7422528318488992,0
20200120,0,0.3081862928326202,1
20200121,0,0.4439384262689215,1
20200122,0,0.26964645097184836,1
20200123,1,0.6464939409294002,1
20200124,1,0.5093177018536154,1
20200127,1,0.5390948752276302,0
20200128,1,0.5228045669153802,0
20200129,1,0.5005980634810622,0
20200130,0,0.4236247688223677,0
20200131,0,0.4499727610101491,0
20200203,1,0.5306126055440005,0
20200204,0,0.48151315337858797,0
20200205,1,0.5507116646186109,0
20200206,0,0.46906408291717894,0
20200207,1,0.5169049309659651,0
20200212,1,0.5603823134038788,0
20200213,0,0.47930445519736725,0
20200214,0,0.46942994354372575,0
20200217,0,0.45151192864547596,1
20200218,0,0.38528101819976845,1
20200219,1,0.5151842240437429,1
20200220,0,0.45288462603748547,1
20200221,1,0.5194542278595757,1
20200225,0,0.4846094694604153,1
20200226,0,0.37180756979784674,1
20200227,0,0.4151300585076672,1
20200228,1,0.5414419084982086,0
20200302,1,0.5211659846234439,1
20200303,0,0.4067190643868138,1
20200304,0,0.4981675080753708,1
20200305,0,0.4834979102999124,1
20200306,0,0.464861865904069,1
20200309,0,0.44544996960652644,1
20200310,0,0.4810604252646167,1
20200311,0,0.4726866303745523,1
20200312,0,0.474272016121277,1
20200313,1,0.5244743712251609,1
20200317,1,0.5584727137853852,0
20200318,1,0.5463661686511896,0
20200319,1,0.5009362368939214,0
20200323,1,0.5887099839825342,0
20200324,1,0.516419597044595,0
20200325,1,0.5377880113343337,1
20200326,1,0.5748909784157429,0
20200327,0,0.4889498819372623,1
20200330,1,0.5883035371776552,0
20200331,0,0.48636110091879703,0
20200401,0,0.4377298533900079,0
20200402,1,0.5359776768592792,0
20200403,0,0.4422343126137217,0
20200406,0,0.45657846475334396,0
20200407,1,0.5521197626908475,0
20200408,0,0.41711731805282654,0
20200409,1,0.5536264849638963,0
20200410,0,0.4092671810786243,0
20200414,1,0.5210142148541592,0
20200415,0,0.4911015375168751,1
20200416,1,0.5324991494909934,1
20200417,0,0.48195578576091574,1
20200420,0,0.4168230558528045,1
20200421,1,0.5003716535935379,1
20200422,0,0.4244878349407025,0
20200423,0,0.4084919997826756,0
20200424,0,0.4691372292798649,1
20200427,1,0.5709907630606808,1
20200428,0,0.46330522216104447,1
20200430,1,0.5257930907722291,1
20200501,0,0.49391694350654064,1
20200508,0,0.48134075760575096,0
20200511,1,0.5245849157993048,0
20200512,1,0.5196527569642833,1
20200513,0,0.4981332292606209,0
20200514,1,0.512165719863313,0
20200515,0,0.47206317576892676,0
20200518,1,0.533115270627256,0
20200519,1,0.5575264683132902,0
20200520,0,0.48789194160110844,0
20200521,1,0.5003299051745538,0
20200522,1,0.5146643461167218,0
20200525,0,0.28008373017302984,0
20200526,1,0.5206643773345221,0
20200527,0,0.485409807526249,0
20200528,1,0.5346338420369118,0
20200529,1,0.5002041258612435,0
20200601,0,0.4966010355247556,0
20200602,0,0.46737431955661746,0
20200603,0,0.4472467364048181,0
20200604,1,0.5010994371036187,0
20200605,0,0.46119508627496825,1
20200608,1,0.5149985652475109,1
20200609,0,0.4968583954663483,1
20200610,1,0.5238198843059106,1
20200611,1,0.5216439242517616,1
20200612,0,0.4992090961146996,0
20200616,0,0.4468234821878094,0
20200617,1,0.5769714965176663,0
20200618,1,0.5696541396592076,0
20200619,1,0.5150218092678055,0
20200622,0,0.43795418059967994,0
20200623,1,0.5470061674660065,0
20200624,1,0.5221189908921136,1
20200625,0,0.47772576771806713,0
20200626,1,0.5700471156807487,0
20200629,1,0.5554915677957136,0
20200630,0,0.4902611938885182,0
20200701,1,0.5919539123707436,0
20200702,1,0.5217803540682826,0
20200703,1,0.5881265090886316,0
20200706,1,0.557412586358211,0
20200707,1,0.5432420205853828,1
20200708,0,0.47595447807112196,0
20200709,0,0.47377057266145967,0
20200710,1,0.5463447959250208,0
20200714,0,0.4467867377412873,0
20200715,0,0.4365107040941215,0
20200716,1,0.5224138135803155,0
20200717,1,0.5486768433555862,0
20200720,1,0.5555896093052295,0
20200721,1,0.564424418144796,0
20200722,1,0.5497769008524355,0
20200727,0,0.4745672572808436,0
20200728,1,0.5020427700362807,0
20200729,1,0.5906967505963865,0
20200730,0,0.4932759799758297,0
20200731,0,0.4793464287193534,0
20200803,0,0.45940544565401775,0
20200804,1,0.533377403361604,0
20200805,1,0.5255085186353212,0
20200806,1,0.5250210343283974,0
20200807,1,0.514390211744378,0
20200811,1,0.5845893869898885,0
20200812,1,0.5152394353376241,0
20200813,1,0.5214556743717272,0
20200814,0,0.43851483091951793,0
20200818,0,0.48508914622937127,0
20200819,0,0.49548431476315324,0
20200820,0,0.4497136111555002,0
20200821,1,0.5369989660988544,0
20200824,0,0.45045787226119904,0
20200825,1,0.5009286400235242,1
20200826,1,0.5337573823694178,1
20200827,1,0.5012987012987012,1
20200828,1,0.5255650444617983,0
20200831,0,0.47462879142647646,0
20200901,0,0.4914627995880648,0
20200902,1,0.5095678097599969,0
20200903,0,0.48376426342178275,0
20200904,0,0.467388456451741,0
20200907,1,0.5277393116176735,0
20200908,0,0.49614395886889456,0
20200909,1,0.505150530715633,0
20200910,0,0.49034310058665664,0
20200911,1,0.5569695671807047,0
20200915,1,0.5038739401906118,0
20200916,1,0.5111048351767505,0
20200917,1,0.5179327491691295,0
20200918,0,0.4946055574178456,0
20200923,0,0.45167828221760886,0
20200924,1,0.5089961431899488,0
20200925,1,0.5291374620322392,0
20200928,0,0.3849299832716645,0
20200929,0,0.48896574194348286,0
20200930,1,0.5037364308415758,0
